id,wta_car,wta_elec,wta_green,ifpollution,living_area_ln,age_ln,is_bachelor,location,female,married,income_level,youth,older_adults,partymember,province,weekday,ifsunny,caruse,conditioner1month,mainuseelec,heard_about_global_warming,know_about_low_carbon,know_about_carbon_neutrality,know_about_carbon_policy,publictrans,conditionernumber,energy_consume2020,weights,max_wta,y_car,y_elec,y_green
2199,1,1,1,0,4.44265125649032,3.52636052461616,0,county seat,0,1,4,0,0,0,Gansu,Thursday,1,1,0,1,yes and agree,never,never,never,0,0,2118,1.06707173730585,1,0,0,0
1169,6,6,7,0,4.44265125649032,3.49650756146648,0,city,1,1,4,1,0,0,Guizhou,Wednesday,0,0,0,1,no,heard but do not know,never,never,18,0,1760,0.29,7,0,0,1
800,7,7,5,0,4.35670882668959,3.76120011569356,0,county seat,1,1,4,1,1,0,Beijing,Sunday,1,1,4,1,yes and agree,never,never,heard but do not know,4,1,1307,0.565605561669616,7,1,1,0
926,1,7,1,0,4.84418708645859,3.66356164612965,0,county seat,0,1,4,1,0,0,Beijing,Sunday,1,0,3,1,no,heard but do not know,never,never,2,1,6514,0.29,7,0,1,0
3068,6,6,7,1,5.56068163101553,3.55534806148941,1,rural,0,0,5,0,0,0,Guangxi,Wednesday,1,1,3,1,no,heard but do not know,heard but do not know,familiar,0,1,1800,0.29,7,0,0,1
2831,2,1,1,0,4.43081679884331,3.40119738166216,1,county seat,1,1,4,1,0,0,Gansu,Friday,1,1,0,1,yes and agree,heard but do not know,never,never,12,0,1948,0.373432195785504,2,1,0,0
1918,4,2,2,0,3.86283276123737,4.34380542185368,0,city,1,0,5,0,1,0,Jilin,Wednesday,1,1,0,1,no,never,never,never,2,0,1183,1.40250353920358,4,1,0,0
1091,4,4,4,0,4.0943445622221,3.55534806148941,0,county seat,1,1,3,1,0,0,Beijing,Wednesday,1,1,2,1,yes and agree,never,heard but do not know,heard but do not know,2,1,2182,0.833373707099913,4,1,1,1
2415,1,1,1,0,4.86753445045558,3.63758615972639,0,county seat,1,1,1,1,0,0,Henan,Sunday,1,1,0,1,yes but disagree,heard but do not know,never,never,6,0,3000,0.719284534475195,1,0,0,0
3184,2,1,2,1,4.4188406077966,3.49650756146648,1,county seat,0,0,5,0,1,0,Guangdong,Wednesday,1,0,6,1,yes and agree,heard and know,heard but do not know,never,12,1,6355,0.389552227928835,2,1,0,1
2813,7,7,7,0,4.49980967033027,3.17805383034795,1,city,1,0,4,0,0,1,Guizhou,Friday,0,1,0,1,yes and agree,heard but do not know,heard but do not know,never,36,0,5000,0.490035858521876,7,1,1,1
810,7,7,7,0,4.27666611901606,4.00733318523247,0,city,1,1,4,0,1,0,Hebei,Sunday,1,0,3,1,yes and agree,heard and know,heard and know,heard and know,2,1,1320,0.802621243321656,7,1,1,1
2262,1,1,1,0,4.74493212836325,3.52636052461616,0,county seat,0,1,4,1,0,0,Guizhou,Friday,0,1,0,1,yes and agree,heard but do not know,heard but do not know,never,16,0,2000,0.372673552734844,1,0,0,0
1110,2,7,7,1,4.86753445045558,3.46573590279973,1,city,1,1,4,0,0,0,Shanxi,Wednesday,1,0,1,1,yes and agree,heard but do not know,heard but do not know,heard but do not know,0,1,4200,0.29,7,0,1,1
2421,4,4,4,0,3.87120101090789,3.63758615972639,0,county seat,1,1,3,1,0,0,Gansu,Sunday,1,1,0,1,no,never,never,never,2,0,3115,1.90058965173231,4,1,1,1
1318,4,1,2,0,4.70048036579242,3.58351893845611,1,city,0,1,5,1,0,1,Guizhou,Friday,0,0,0,1,yes and agree,heard and know,heard but do not know,never,10,0,3080,0.29,4,1,0,0
2555,7,3,3,0,4.38202663467388,3.49650756146648,0,city,0,1,4,1,1,0,Guangxi,Tuesday,0,1,0,1,yes and agree,heard but do not know,heard but do not know,heard but do not know,0,0,1798,0.389552227928835,7,1,0,0
3428,7,7,7,0,4.60517018598809,3.43398720448515,1,city,1,0,4,1,0,0,Guangdong,Saturday,0,1,1,1,yes and agree,heard but do not know,heard but do not know,heard but do not know,2,1,3600,0.357396571614206,7,1,1,1
2389,6,6,6,0,3.80666248977032,3.68887945411394,0,rural,1,1,4,1,0,0,Guangdong,Sunday,0,0,7,0,yes but disagree,heard but do not know,heard but do not know,heard and know,0,1,1200,1.58010954339234,6,1,1,1
2519,1,1,1,0,4.65396035015752,4.23410650459726,0,county seat,0,1,1,1,1,0,Gansu,Tuesday,1,1,0,0,no,never,never,never,0,0,2310,5.37427233002338,1,0,0,0
2349,6,6,6,0,4.70048036579242,3.46573590279973,0,rural,0,1,5,1,0,0,Guangdong,Saturday,0,0,7,1,yes but disagree,never,never,heard but do not know,0,1,2535,2.94280958926656,6,1,1,1
923,2,1,1,0,4.55387689160054,3.04452243772342,0,rural,0,0,2,0,0,0,Shanxi,Sunday,1,0,0,1,yes and agree,heard but do not know,never,never,0,0,1400,1.91444351623793,2,1,0,0
2852,1,1,3,0,4.38202663467388,3.63758615972639,0,county seat,1,1,3,0,0,0,Gansu,Friday,1,1,1,1,yes and agree,never,never,never,15,1,1786,0.719284534475195,3,0,0,1
119,7,2,1,0,4.56434819146784,3.29583686600433,1,city,1,1,3,0,0,0,Beijing,Saturday,1,0,3,1,no,never,never,never,11,1,960,0.427046595145418,7,1,0,0
989,1,1,1,0,4.65396035015752,4.06044301054642,0,rural,0,1,2,0,0,0,Beijing,Monday,1,1,4,0,no,never,never,never,0,1,2420,0.778438381622986,1,0,0,0
1209,4,4,3,0,4.31748811353631,3.66356164612965,0,city,1,0,3,1,0,0,Hebei,Thursday,1,1,0,1,yes and agree,heard but do not know,never,never,6,0,1857,0.29,4,1,1,0
1911,7,5,1,1,5.12396397940326,3.46573590279973,1,city,0,0,3,0,0,0,Henan,Wednesday,1,1,7,1,yes and agree,heard but do not know,heard but do not know,heard but do not know,10,1,2640,0.407362342670444,7,1,0,0
1516,4,3,2,0,4.21950770517611,3.36729582998647,0,rural,1,1,3,1,0,0,Jilin,Saturday,1,1,0,1,no,never,never,never,2,0,2000,2.79916022173799,4,1,0,0
1339,2,4,4,0,4.0943445622221,3.95124371858143,1,city,1,0,4,0,0,0,Beijing,Friday,1,1,4,1,yes and agree,heard but do not know,heard and know,heard but do not know,2,1,1320,0.29,4,0,1,1
2202,5,4,4,0,4.70048036579242,3.68887945411394,0,city,0,1,6,1,0,0,Guangdong,Thursday,0,0,5,1,yes and agree,heard but do not know,never,never,0,1,3328,0.29,5,1,0,0
2489,7,7,7,0,4.81218435537242,3.71357206670431,1,county seat,0,1,4,1,0,0,Gansu,Monday,1,0,0,1,yes and agree,heard and know,never,never,0,0,1517,0.29,7,1,1,1
1264,2,2,2,0,4.60517018598809,3.95124371858143,0,rural,0,1,4,0,1,0,Beijing,Thursday,1,1,3,1,yes and agree,heard but do not know,never,heard but do not know,0,1,2400,1.04906162482667,2,1,1,1
2205,7,7,7,0,3.91202300542815,3.76120011569356,0,city,1,1,3,1,0,0,Shanxi,Thursday,1,0,1,1,yes and agree,heard and know,heard but do not know,heard but do not know,10,1,2600,0.565605561669616,7,1,1,1
2801,7,7,7,0,4.49980967033027,3.8286413964891,0,county seat,0,1,6,1,0,0,Guangxi,Friday,1,0,2,1,yes but disagree,never,never,never,1,1,5000,1.54237402683485,7,1,1,1
1656,7,7,4,0,5.19295685089021,3.13549421592915,1,rural,1,0,3,1,0,0,Guizhou,Sunday,0,0,0,1,yes but disagree,heard but do not know,never,never,0,0,875,0.477141595741477,7,1,1,0
156,6,6,6,1,4.0943445622221,3.66356164612965,1,city,0,1,1,1,1,0,Zhejiang,Saturday,0,0,3,1,yes and agree,heard but do not know,never,never,0,1,2667,0.29,6,1,1,1
152,4,4,4,0,4.74493212836325,3.73766961828337,0,county seat,0,1,6,0,0,0,Hebei,Saturday,1,0,0,1,no,never,never,never,2,0,2482,1.8960524742174,4,1,1,1
2504,4,5,4,0,5.01063529409626,4.18965474202643,0,county seat,0,1,5,1,1,0,Zhejiang,Tuesday,0,0,3,1,yes and agree,heard and know,heard and know,heard and know,15,1,3133,0.29,5,0,1,0
3043,6,6,6,1,4.49980967033027,4.02535169073515,0,city,0,1,5,0,1,0,Guangxi,Wednesday,0,1,0,1,yes and agree,never,never,never,0,0,2265,0.373637043351498,6,1,1,1
3013,7,7,7,1,5.01063529409626,3.25809653802148,0,city,1,0,3,0,1,1,Guangdong,Wednesday,1,1,0,1,yes and agree,heard but do not know,heard but do not know,heard but do not know,6,0,1758,0.446925814010253,7,1,1,1
2824,7,7,7,0,4.58496747867057,3.25809653802148,1,city,0,0,4,0,1,1,Guizhou,Friday,0,0,4,1,yes and agree,heard and know,heard but do not know,never,20,1,5200,0.536869282371849,7,1,1,1
2988,5,5,5,0,4.38202663467388,3.25809653802148,0,city,0,0,1,0,0,0,Guangxi,Tuesday,1,1,2,1,no,never,never,never,3,1,879,0.536869282371849,5,1,1,1
2826,5,5,5,0,4.65396035015752,3.73766961828337,0,county seat,0,1,6,1,0,0,Guangxi,Friday,1,1,1,1,yes and agree,never,never,never,10,1,4440,1.8960524742174,5,1,1,1
1185,4,5,1,0,4.78749174278205,3.89182029811063,0,rural,1,1,3,1,0,0,Gansu,Wednesday,1,1,0,0,no,never,never,never,1,0,1210,5.58929104534069,5,0,1,0
1211,7,7,1,0,4.86753445045558,3.98898404656427,0,rural,1,1,4,1,0,0,Zhejiang,Thursday,0,0,3,1,yes but disagree,heard but do not know,never,heard but do not know,0,1,4267,0.780203469208694,7,1,1,0
2411,4,2,2,0,4.02535169073515,3.58351893845611,0,county seat,1,1,2,1,1,0,Guangdong,Sunday,0,1,4,1,yes and agree,heard but do not know,heard but do not know,never,14,1,4190,0.29,4,1,0,0
1193,3,3,4,0,4.29045944114839,3.68887945411394,0,city,1,1,6,1,0,0,Gansu,Monday,1,1,0,1,yes and agree,heard and know,heard but do not know,never,14,0,1527,0.652822858651694,4,0,0,1
3290,1,1,1,0,2.99573227355399,3.61091791264422,0,county seat,1,1,3,1,0,0,Guangxi,Thursday,1,1,3,1,yes and agree,heard but do not know,never,heard and know,0,1,1588,0.755290728406371,1,0,0,0
3024,2,4,4,1,4.60517018598809,3.52636052461616,0,rural,0,1,4,1,0,0,Guangxi,Wednesday,0,1,0,1,yes and agree,heard but do not know,never,never,2,0,4770,2.64985614821784,4,0,1,1
1124,5,5,5,0,5.07517381523383,3.97029191355212,0,rural,0,1,3,0,1,0,Hebei,Wednesday,1,1,3,1,yes and agree,heard but do not know,never,never,0,1,2600,0.398026966846938,5,1,1,1
1150,3,4,2,0,5.13579843705026,3.76120011569356,0,rural,0,1,4,1,1,0,Hebei,Wednesday,0,0,3,1,no,heard but do not know,never,never,4,1,1320,1.65966898775267,4,0,1,0
1196,7,7,7,0,4.55387689160054,3.3322045101752,1,city,0,1,6,1,0,0,Zhejiang,Monday,0,1,0,1,yes and agree,heard and know,heard and know,heard but do not know,10,0,3792,0.48898871152122,7,1,1,1
3161,6,6,5,0,4.44265125649032,3.68887945411394,0,city,1,1,3,1,0,0,Guangxi,Wednesday,0,1,0,1,yes and agree,heard but do not know,never,never,0,0,1000,0.29,6,1,1,0
1695,7,4,4,0,5.39362754635236,3.2188758248682,0,rural,0,1,1,1,0,0,Guizhou,Sunday,1,1,0,1,no,never,never,never,0,0,1191,1.55720920924141,7,1,0,0
1925,4,2,1,0,4.24849524204936,3.55534806148941,0,city,1,1,2,0,0,0,Hebei,Tuesday,1,1,0,1,yes but disagree,heard and know,never,never,10,0,2000,0.29,4,1,0,0
3154,4,4,7,0,4.44265125649032,3.66356164612965,0,city,1,1,5,0,1,0,Guangdong,Wednesday,1,1,1,1,yes and agree,heard but do not know,heard but do not know,never,7,1,2214,0.29,7,0,0,1
3438,5,5,5,1,4.78749174278205,2.94443897916644,1,city,0,0,3,1,0,0,Shanxi,Saturday,1,0,0,1,yes and agree,heard but do not know,never,never,5,0,1125,0.751430664156505,5,1,1,1
1128,6,6,6,0,4.60517018598809,4.12713438504509,0,rural,1,0,4,0,1,0,Hebei,Wednesday,1,1,4,0,yes and agree,never,never,never,0,1,1650,0.531008301202758,6,1,1,1
1024,2,2,2,0,3.87120101090789,3.80666248977032,1,city,0,1,5,1,0,0,Beijing,Tuesday,1,1,4,1,no,heard but do not know,heard but do not know,never,10,1,1418,0.29,2,1,1,1
1590,7,7,1,0,4.31748811353631,3.36729582998647,0,county seat,1,1,6,0,0,0,Shanxi,Saturday,1,1,0,1,yes and agree,familiar,never,heard but do not know,0,0,1875,0.390352736240351,7,1,1,0
695,7,5,4,1,4.74493212836325,3.29583686600433,1,city,0,1,5,0,1,1,Zhejiang,Friday,0,0,7,1,yes and agree,heard and know,heard but do not know,heard but do not know,6,1,3180,0.51228616885516,7,1,0,0
1501,4,4,4,0,3.91202300542815,4.02535169073515,0,city,1,1,4,0,1,0,Beijing,Saturday,1,1,4,1,yes and agree,heard but do not know,never,never,4,1,2000,0.29,4,1,1,1
1311,6,7,6,0,4.38202663467388,3.55534806148941,0,county seat,1,1,4,1,0,0,Guangdong,Friday,1,1,7,1,yes and agree,heard but do not know,heard but do not know,heard but do not know,0,1,3115,0.833373707099913,7,0,1,0
2563,7,7,7,0,4.0943445622221,3.71357206670431,1,rural,0,0,1,0,0,0,Guangdong,Wednesday,0,1,5,1,yes and agree,heard but do not know,heard but do not know,never,16,1,3018,0.29,7,1,1,1
2619,1,2,3,1,5.04342511691925,3.52636052461616,0,rural,1,1,3,1,0,0,Gansu,Thursday,1,1,0,1,yes and agree,heard but do not know,never,never,6,0,545,0.81001900038697,3,0,0,1
1008,2,2,3,0,3.58351893845611,4.15888308335967,0,city,0,0,3,0,0,0,Beijing,Tuesday,1,1,0,1,no,never,heard but do not know,never,8,0,1200,0.627921892839261,3,0,0,1
2402,4,4,4,0,4.49980967033027,3.78418963391826,0,county seat,1,1,4,0,1,0,Gansu,Sunday,1,0,0,1,no,never,never,never,0,0,1517,7.92896631207727,4,1,1,1
140,7,7,7,1,4.40671924726425,3.93182563272433,1,city,1,0,5,0,0,0,Jilin,Thursday,0,0,0,1,yes and agree,familiar,heard but do not know,never,10,0,1080,0.29,7,1,1,1
2452,4,2,1,0,4.78749174278205,4.07753744390572,0,rural,0,1,3,1,0,0,Henan,Monday,1,1,3,1,yes and agree,heard and know,heard but do not know,never,6,1,6333,0.29,4,1,0,0
816,1,1,1,0,4.48863636973214,3.58351893845611,0,rural,1,1,4,1,1,0,Beijing,Sunday,1,1,3,1,yes and agree,heard but do not know,never,never,2,1,1625,0.734314968914343,1,0,0,0
1911,7,7,5,1,4.40671924726425,4.06044301054642,0,city,1,1,4,0,1,0,Zhejiang,Wednesday,1,0,4,1,yes and agree,heard but do not know,never,never,20,1,2477,0.29,7,1,1,0
1066,2,2,2,0,3.63758615972639,4.12713438504509,0,city,0,1,3,0,1,0,Beijing,Tuesday,1,1,0,1,yes and agree,heard but do not know,heard but do not know,never,14,0,1956,0.29,2,1,1,1
2889,4,1,1,0,4.52720864451838,3.63758615972639,0,county seat,0,1,2,1,0,0,Guangxi,Sunday,1,0,1,1,no,heard but do not know,heard but do not know,heard but do not know,0,1,2400,0.873674535534688,4,1,0,0
1064,4,2,2,0,3.97029191355212,3.93182563272433,0,city,1,1,3,0,0,0,Beijing,Tuesday,1,0,4,1,yes but disagree,never,never,never,1,1,1091,0.391371918195371,4,1,0,0
2015,2,1,1,0,4.8283137373023,3.13549421592915,1,city,1,0,4,1,0,0,Henan,Wednesday,1,0,3,1,yes and agree,heard and know,never,never,5,1,1257,0.513391102033781,2,1,0,0
189,7,7,7,0,4.31748811353631,3.55534806148941,1,city,1,1,6,1,1,1,Zhejiang,Sunday,0,0,6,1,yes and agree,heard and know,never,never,7,1,4200,0.29,7,1,1,1
313,4,4,5,0,4.47733681447821,3.17805383034795,1,city,0,1,5,0,0,0,Guangdong,Thursday,1,1,0,1,yes and agree,heard and know,heard and know,heard and know,6,0,4400,0.590180185840672,5,0,0,1
2232,2,3,1,0,4.86753445045558,3.97029191355212,0,county seat,1,1,7,0,0,0,Henan,Friday,0,0,1,1,yes and agree,heard but do not know,never,never,0,1,1167,0.886072170525715,3,0,1,0
3016,6,6,6,0,4.33073334028633,3.8286413964891,0,city,0,1,4,0,0,0,Guangxi,Wednesday,0,1,0,1,yes and agree,heard but do not know,never,never,0,0,1500,0.591828845854288,6,1,1,1
2052,2,1,2,1,4.38202663467388,3.04452243772342,1,city,0,0,3,0,0,0,Henan,Wednesday,1,1,2,1,yes and agree,heard but do not know,heard but do not know,heard but do not know,5,1,625,0.681694532917722,2,1,0,1
881,5,1,4,0,4.45434729625351,3.87120101090789,0,rural,1,1,3,0,0,0,Shanxi,Sunday,1,1,0,1,yes but disagree,never,never,never,0,0,1400,1.05149795660307,5,1,0,0
2384,6,4,6,0,3.80666248977032,4.04305126783455,0,rural,1,1,5,0,0,0,Jilin,Sunday,1,1,0,1,no,never,never,never,4,0,563,3.66022611323826,6,1,0,1
3398,4,4,3,1,4.48863636973214,3.58351893845611,0,county seat,1,1,4,1,0,0,Jilin,Saturday,0,0,2,1,yes and agree,heard but do not know,never,never,10,1,1158,2.10856569540875,4,1,1,0
3418,3,3,2,0,4.46590811865458,3.43398720448515,0,county seat,0,1,3,1,0,0,Guangxi,Saturday,0,1,0,1,yes and agree,heard but do not know,heard but do not know,never,4,0,1765,0.426155297891374,3,1,1,0
943,4,7,4,0,4.17438726989564,3.46573590279973,0,city,1,1,3,0,0,0,Hebei,Monday,1,1,0,1,yes and agree,heard and know,never,never,2,0,1714,0.29,7,0,1,0
1048,6,6,6,0,4.00733318523247,3.40119738166216,0,county seat,1,1,3,0,0,0,Beijing,Tuesday,1,1,0,1,yes and agree,heard but do not know,heard but do not know,heard but do not know,2,0,253,0.373432195785504,6,1,1,1
1610,4,4,4,0,4.70048036579242,3.58351893845611,0,county seat,0,1,5,1,0,1,Hebei,Sunday,1,0,2,1,yes and agree,heard but do not know,heard but do not know,never,0,1,2708,0.965183909066345,4,1,1,1
1584,6,6,6,0,4.44265125649032,3.76120011569356,0,rural,1,1,5,1,0,0,Guangdong,Saturday,1,1,7,1,no,heard but do not know,never,never,0,1,2674,0.29,6,1,1,1
1518,1,7,1,0,4.38202663467388,3.3322045101752,0,county seat,0,1,3,1,0,0,Shanxi,Saturday,1,0,0,1,no,never,never,never,0,0,1333,1.44745920117007,7,0,1,0
2833,1,1,3,0,4.44265125649032,3.46573590279973,0,county seat,1,1,4,0,0,0,Gansu,Friday,1,1,0,1,yes and agree,never,heard but do not know,never,8,0,1963,0.29,3,0,0,1
2482,1,1,1,0,5.01063529409626,3.68887945411394,0,county seat,1,1,3,1,0,0,Henan,Monday,1,0,3,1,yes and agree,heard but do not know,never,never,0,1,2167,1.71379837552918,1,0,0,0
3085,2,2,2,0,5.07517381523383,3.55534806148941,1,city,1,1,6,1,1,0,Guangxi,Wednesday,0,1,3,1,yes and agree,heard but do not know,never,never,10,1,713,0.29,2,1,1,1
2010,4,4,2,0,4.24849524204936,3.49650756146648,0,city,1,1,5,0,0,0,Gansu,Wednesday,1,1,0,1,yes but disagree,heard but do not know,never,never,2,0,2509,0.29,4,1,1,0
1696,4,3,4,0,4.78749174278205,3.71357206670431,0,rural,1,1,1,1,0,0,Shanxi,Sunday,1,1,0,1,no,never,never,never,0,0,1400,1.50096668947643,4,1,0,1
1324,3,4,2,0,5.07517381523383,3.09104245335832,0,rural,1,0,3,0,0,0,Guangdong,Friday,1,1,0,1,yes and agree,heard and know,never,never,2,0,4838,0.49978527711044,4,0,1,0
2515,6,4,4,0,4.60517018598809,3.76120011569356,0,county seat,0,1,2,1,0,0,Gansu,Tuesday,1,1,0,1,yes and agree,heard but do not know,never,never,0,0,2167,1.80038632750801,6,1,0,0
911,4,1,1,0,4.52178857704904,4.39444915467244,0,rural,1,0,2,0,1,0,Shanxi,Sunday,1,1,0,1,no,never,never,never,0,0,1000,1.05679384572594,4,1,0,0
1384,3,4,4,0,5.01063529409626,3.52636052461616,0,city,1,1,5,1,1,0,Guangdong,Friday,0,0,4,1,no,heard but do not know,heard but do not know,never,0,1,4267,0.875675843462376,4,0,1,1
2343,7,7,7,0,4.7361984483945,3.87120101090789,1,county seat,0,1,4,1,0,1,Gansu,Saturday,0,0,0,1,yes and agree,never,never,never,0,0,1517,0.29,7,1,1,1
3435,7,6,1,1,4.9416424226093,3.36729582998647,1,city,1,1,3,0,0,1,Shanxi,Saturday,1,0,0,1,yes and agree,heard but do not know,never,never,5,0,1429,0.390352736240351,7,1,0,0
2184,3,1,1,0,5.19295685089021,3.73766961828337,0,rural,1,1,4,1,0,0,Gansu,Thursday,1,1,0,1,no,never,never,never,2,0,3125,1.42596287593831,3,1,0,0
2961,2,2,1,0,4.60517018598809,3.55534806148941,0,county seat,1,1,4,1,0,0,Guangxi,Monday,0,0,2,1,yes and agree,heard but do not know,heard but do not know,heard but do not know,0,1,5200,0.833373707099913,2,1,1,0
105,4,7,2,1,4.49980967033027,3.55534806148941,0,city,1,1,5,1,0,0,Shanxi,Friday,0,0,0,1,yes and agree,heard and know,heard but do not know,never,20,0,4000,0.833373707099913,7,0,1,0
1100,7,7,7,0,4.86753445045558,4.06044301054642,0,rural,1,1,5,1,1,0,Zhejiang,Wednesday,1,0,3,1,no,never,never,never,1,1,2400,0.642271492731298,7,1,1,1
1632,4,3,4,1,4.45434729625351,3.85014760171006,0,county seat,1,1,5,1,0,0,Shanxi,Sunday,1,1,0,1,yes and agree,heard but do not know,heard but do not know,never,4,0,1400,0.29,4,1,0,1
3046,5,4,4,0,4.78749174278205,3.2188758248682,1,city,1,0,4,0,0,0,Jilin,Wednesday,1,1,0,1,yes and agree,familiar,heard and know,heard but do not know,10,0,864,0.467902055622054,5,1,0,0
2638,5,5,5,0,5.07517381523383,3.91202300542815,1,rural,0,1,5,1,0,0,Guangdong,Wednesday,1,0,7,1,yes and agree,heard but do not know,heard but do not know,heard but do not know,0,1,368,0.29,5,1,1,1
801,7,7,4,0,4.48863636973214,3.73766961828337,1,city,1,1,4,1,1,0,Zhejiang,Sunday,0,0,4,1,yes and agree,heard but do not know,heard but do not know,heard and know,2,1,2885,0.29,7,1,1,0
914,1,1,1,0,5.22035582507832,4.11087386417331,0,rural,1,1,2,0,0,0,Shanxi,Sunday,1,1,0,1,yes but disagree,never,never,never,0,0,1800,0.29,1,0,0,0
1956,2,2,2,0,4.86753445045558,3.58351893845611,0,city,1,1,4,1,0,0,Zhejiang,Wednesday,1,0,3,1,yes and agree,heard but do not know,never,heard but do not know,2,1,5102,0.29,2,1,1,1
2353,7,7,7,0,3.66356164612965,4.20469261939097,0,city,1,0,6,0,1,0,Jilin,Saturday,1,1,0,1,yes but disagree,never,never,never,6,0,600,0.29,7,1,1,1
2185,1,1,1,1,4.86753445045558,3.58351893845611,0,rural,1,1,3,0,0,0,Gansu,Thursday,1,1,0,1,yes and agree,heard but do not know,never,never,7,0,2082,0.734314968914343,1,0,0,0
161,6,4,1,0,5.19295685089021,3.91202300542815,0,county seat,1,1,4,0,0,0,Shanxi,Saturday,1,0,0,1,no,never,never,never,0,0,2200,5.76283109526685,6,1,0,0
3416,4,3,4,0,5.29831736654804,3.87120101090789,0,rural,1,1,6,1,0,0,Guangxi,Saturday,0,1,3,1,no,heard but do not know,never,never,2,1,1343,0.29,4,1,0,1
1944,7,7,4,0,5.24174701505964,3.09104245335832,0,city,0,0,7,0,0,0,Jilin,Tuesday,1,0,0,1,yes and agree,heard and know,heard and know,heard and know,2,0,3413,0.649537298301348,7,1,1,0
2600,7,7,7,0,3.55534806148941,3.2188758248682,1,city,0,0,3,0,0,0,Guangdong,Wednesday,1,1,0,1,yes and agree,heard but do not know,heard but do not know,heard but do not know,6,0,4534,0.562809000235141,7,1,1,1
1593,7,7,1,0,4.78749174278205,4.17438726989564,0,rural,1,1,5,0,1,0,Beijing,Saturday,1,1,0,1,yes and agree,heard but do not know,never,never,2,0,2667,2.40500581405561,7,1,1,0
2282,4,7,2,0,1.94591014905531,3.63758615972639,1,county seat,1,1,3,1,1,0,Jilin,Saturday,1,0,0,1,yes and agree,heard but do not know,heard but do not know,never,5,0,3200,0.29,7,0,1,0
2455,2,2,2,0,4.02535169073515,4.15888308335967,0,city,1,1,5,0,1,0,Jilin,Monday,1,1,0,1,yes but disagree,heard but do not know,heard but do not know,never,2,0,1200,0.520555819032494,2,1,1,1
2821,7,7,2,0,4.58496747867057,3.2188758248682,1,city,1,0,5,1,0,0,Guizhou,Friday,0,1,0,1,yes but disagree,heard but do not know,heard but do not know,heard but do not know,1,0,2618,0.467902055622054,7,1,1,0
1240,7,7,7,0,4.38202663467388,3.87120101090789,0,rural,1,1,5,0,0,0,Guangdong,Thursday,1,0,5,1,yes and agree,heard but do not know,heard but do not know,heard but do not know,0,1,3640,0.417171619283491,7,1,1,1
3331,7,7,1,0,4.44265125649032,3.63758615972639,0,rural,1,1,4,1,0,0,Guangdong,Thursday,1,0,6,1,yes and agree,heard but do not know,heard but do not know,never,0,1,3300,0.29,7,1,1,0
1326,2,2,1,0,5.19295685089021,2.56494935746154,0,rural,1,0,4,1,0,0,Beijing,Friday,1,1,3,1,no,never,never,never,0,1,2100,6.52022778875494,2,1,1,0
2512,7,7,7,0,4.8283137373023,3.25809653802148,0,county seat,1,1,2,1,0,0,Hebei,Wednesday,1,0,1,1,yes and agree,heard and know,heard but do not know,never,14,1,1683,0.446925814010253,7,1,1,1
2832,1,1,2,0,4.40671924726425,3.43398720448515,0,county seat,1,1,4,0,0,0,Gansu,Friday,1,1,0,1,yes and agree,never,heard but do not know,never,8,0,1724,0.357396571614206,2,0,0,1
2141,7,7,7,0,5.91350300563827,3.8286413964891,0,rural,0,1,3,0,1,0,Guizhou,Thursday,0,1,0,1,no,never,never,never,25,0,4924,1.42260003288578,7,1,1,1
1246,1,1,1,0,5.01063529409626,4.14313472639153,0,rural,1,0,2,0,1,0,Gansu,Thursday,1,1,0,0,yes but disagree,heard but do not know,never,never,0,0,1200,0.29,1,0,0,0
2086,7,7,7,0,4.31748811353631,3.49650756146648,1,city,1,1,3,0,0,0,Guangdong,Thursday,1,1,5,1,yes and agree,heard and know,heard but do not know,heard but do not know,2,1,844,0.29,7,1,1,1
3381,7,7,5,0,4.17438726989564,2.99573227355399,0,rural,0,0,4,1,0,0,Guangdong,Friday,0,1,0,0,no,heard but do not know,heard and know,heard and know,20,0,1369,0.662961022218672,7,1,1,0
1195,2,2,2,0,5.52146091786225,3.17805383034795,0,rural,0,0,5,1,0,1,Guizhou,Monday,1,0,0,1,yes and agree,heard but do not know,heard but do not know,never,20,0,1517,0.547697564568503,2,1,1,1
1664,6,7,2,0,5.7037824746562,3.43398720448515,0,rural,1,1,3,1,0,0,Guizhou,Sunday,1,1,0,1,no,never,never,never,0,0,1013,2.52083913158406,7,0,1,0
1191,2,2,2,0,4.60517018598809,3.43398720448515,0,county seat,0,1,1,1,0,0,Jilin,Monday,1,0,0,0,no,heard but do not know,never,never,0,0,1309,3.36961420810059,2,1,1,1
2181,1,1,3,1,4.49980967033027,3.43398720448515,0,county seat,1,1,4,0,0,0,Gansu,Thursday,0,1,0,0,no,never,never,never,0,0,2400,0.357396571614206,3,0,0,1
825,2,2,1,0,4.31748811353631,3.55534806148941,1,rural,0,1,3,0,0,0,Shanxi,Sunday,1,0,0,1,yes and agree,heard and know,heard and know,heard but do not know,1,0,1400,0.29,2,1,1,0
1884,6,6,6,0,4.60517018598809,3.17805383034795,0,county seat,0,1,4,1,0,0,Hebei,Tuesday,1,0,3,1,yes and agree,heard but do not know,never,never,0,1,4400,1.77838741966437,6,1,1,1
1245,5,4,5,0,4.24849524204936,3.89182029811063,0,county seat,1,1,3,0,0,0,Beijing,Thursday,1,1,0,1,no,never,never,heard but do not know,4,0,1706,0.428181366720944,5,1,0,1
921,2,2,1,1,3.80666248977032,3.95124371858143,0,city,0,1,5,0,0,0,Jilin,Sunday,1,1,0,1,no,never,never,never,12,0,1200,1.13583617329244,2,1,1,0
349,4,4,4,0,4.24849524204936,3.55534806148941,0,city,0,1,5,1,0,1,Henan,Thursday,1,0,3,1,yes and agree,heard and know,heard but do not know,never,5,1,563,0.29,4,1,1,1
1424,6,6,4,0,4.49980967033027,3.78418963391826,0,city,1,1,4,1,0,0,Hebei,Saturday,1,0,2,1,no,heard but do not know,heard but do not know,never,2,1,2400,0.29,6,1,1,0
159,4,4,5,0,4.74493212836325,3.58351893845611,0,county seat,0,1,7,1,0,0,Hebei,Saturday,1,0,0,1,yes and agree,never,never,never,0,0,3188,0.965183909066345,5,0,0,1
828,2,4,3,0,4.49980967033027,3.55534806148941,0,county seat,1,1,7,1,0,0,Hebei,Sunday,1,0,0,1,no,never,never,never,0,0,4300,0.833373707099913,4,0,1,0
1600,1,1,7,0,4.06044301054642,3.3322045101752,0,rural,0,1,4,1,0,0,Jilin,Saturday,1,1,0,1,yes but disagree,never,never,never,0,0,1400,1.33538962290528,7,0,0,1
615,7,7,7,0,4.86753445045558,3.91202300542815,0,county seat,1,1,5,0,0,0,Hebei,Friday,1,1,2,1,yes and agree,never,never,never,5,1,4600,1.02932536300857,7,1,1,1
911,7,4,4,0,4.18965474202643,3.46573590279973,0,city,1,1,5,1,0,0,Shanxi,Monday,1,1,0,1,no,heard but do not know,heard but do not know,heard but do not know,2,0,1650,0.29,7,1,0,0
1619,7,7,7,0,4.49980967033027,3.29583686600433,0,city,0,1,4,1,0,0,Guizhou,Saturday,0,1,0,1,no,never,never,never,10,0,2077,0.51228616885516,7,1,1,1
2182,6,6,7,1,4.49980967033027,3.55534806148941,0,county seat,1,1,4,1,1,0,Henan,Thursday,0,1,3,1,no,never,never,never,2,1,2455,0.833373707099913,7,0,0,1
3450,1,1,4,1,5.7037824746562,3.09104245335832,1,city,1,0,1,0,0,1,Shanxi,Sunday,1,0,0,1,no,never,never,never,5,0,4183,0.538035190623942,4,0,0,1
814,4,1,1,0,5.22035582507832,3.93182563272433,0,rural,0,1,3,0,0,0,Shanxi,Sunday,1,1,0,1,yes and agree,never,never,never,0,0,1400,0.435591191832487,4,1,0,0
2811,4,4,4,0,5.63478960316925,3.76120011569356,0,rural,0,1,4,1,0,0,Henan,Saturday,1,1,3,1,yes and agree,heard and know,heard but do not know,never,0,1,1911,1.65966898775267,4,1,1,1
801,7,7,7,0,4.38202663467388,3.55534806148941,1,city,1,1,6,1,0,0,Zhejiang,Sunday,0,0,3,1,yes and agree,heard and know,heard but do not know,heard but do not know,3,1,3500,0.29,7,1,1,1
3201,7,7,1,0,4.31748811353631,3.73766961828337,1,city,0,1,4,1,0,0,Guangdong,Thursday,1,0,4,1,yes and agree,heard but do not know,heard but do not know,never,15,1,3333,0.29,7,1,1,0
2111,2,2,2,0,5.07517381523383,3.13549421592915,0,rural,0,0,4,0,0,0,Guizhou,Thursday,0,1,0,1,no,never,never,never,0,0,2851,0.574234834677739,2,1,1,1
2894,6,6,6,0,4.78749174278205,3.8286413964891,0,rural,0,1,5,0,0,0,Guangxi,Sunday,0,1,0,0,no,never,never,never,0,0,938,1.42260003288578,6,1,1,1
1663,7,7,3,0,4.86753445045558,3.13549421592915,0,county seat,0,1,4,1,0,0,Hebei,Sunday,1,0,2,1,no,heard but do not know,never,never,0,1,2167,5.1426688584484,7,1,1,0
2511,5,6,2,0,4.21950770517611,3.87120101090789,0,rural,1,1,4,0,0,0,Jilin,Tuesday,1,1,0,1,no,never,never,never,4,0,3200,1.05149795660307,6,0,1,0
2544,2,4,4,1,4.40671924726425,3.43398720448515,0,county seat,0,0,3,0,0,0,Jilin,Tuesday,0,1,0,1,no,heard but do not know,never,never,15,0,800,0.426155297891374,4,0,1,1
824,7,4,7,0,5.7037824746562,3.58351893845611,0,rural,1,1,3,1,0,0,Guizhou,Sunday,0,0,0,0,yes and agree,never,never,never,6,0,4000,0.29,7,1,0,1
2263,7,7,7,0,4.60517018598809,3.04452243772342,1,city,1,0,4,0,0,1,Shanxi,Friday,0,1,0,1,yes and agree,heard but do not know,heard but do not know,heard but do not know,6,0,1320,0.564039248433492,7,1,1,1
2443,1,1,3,0,4.78749174278205,3.3322045101752,1,city,0,1,4,0,0,1,Shanxi,Monday,1,0,0,1,yes and agree,heard but do not know,never,heard but do not know,5,0,2708,0.48898871152122,3,0,0,1
1266,7,7,7,0,4.29045944114839,3.29583686600433,1,city,1,0,4,0,0,0,Guizhou,Thursday,0,1,4,1,yes and agree,heard but do not know,heard but do not know,never,30,1,2585,0.427046595145418,7,1,1,1
1633,4,4,4,0,4.78749174278205,3.66356164612965,0,county seat,0,1,4,1,0,0,Hebei,Sunday,1,1,3,1,yes and agree,heard but do not know,never,never,0,1,2300,0.831477064267193,4,1,1,1
1429,7,7,7,0,4.38202663467388,3.97029191355212,0,county seat,1,1,1,0,0,0,Shanxi,Saturday,1,1,0,1,yes and agree,never,never,never,0,0,780,0.886072170525715,7,1,1,1
2645,4,4,4,0,3.68887945411394,3.3322045101752,1,city,1,0,4,0,1,0,Guangdong,Wednesday,1,1,7,1,yes and agree,heard and know,heard and know,heard and know,10,1,758,0.408207026552079,4,1,1,1
2454,6,5,7,0,4.60517018598809,4.12713438504509,0,rural,0,1,5,0,0,0,Jilin,Monday,1,1,0,0,yes and agree,heard but do not know,never,never,4,0,1091,0.29,7,0,0,1
3162,4,4,4,0,4.31748811353631,3.04452243772342,1,city,0,0,5,0,0,0,Guangdong,Wednesday,1,0,7,1,yes and agree,heard and know,heard but do not know,heard but do not know,4,1,1067,0.681694532917722,4,1,1,1
1112,6,6,6,0,5.19295685089021,3.58351893845611,0,rural,1,1,4,0,1,0,Hebei,Wednesday,1,1,3,1,yes and agree,never,never,never,0,1,3270,1.94283285423945,6,1,1,1
2235,7,7,7,0,4.58496747867057,3.2188758248682,0,county seat,0,0,5,0,1,1,Guizhou,Friday,0,0,0,1,yes but disagree,heard but do not know,heard but do not know,never,0,0,2245,0.562809000235141,7,1,1,1
1914,7,7,7,1,3.98898404656427,2.83321334405622,0,city,1,0,3,1,0,0,Henan,Wednesday,0,1,1,1,yes and agree,heard but do not know,never,never,6,1,500,2.08265601358925,7,1,1,1
2808,1,1,1,0,4.9416424226093,3.71357206670431,0,county seat,1,1,3,0,0,0,Gansu,Friday,1,1,0,1,yes and agree,never,never,never,5,0,1944,0.62217556485308,1,0,0,0
196,4,2,1,0,4.49980967033027,4.02535169073515,0,rural,1,1,2,0,0,0,Shanxi,Sunday,1,1,0,1,yes and agree,never,never,never,0,0,1400,0.707536494715993,4,1,0,0
2361,5,4,1,0,4.18965474202643,2.94443897916644,0,county seat,1,0,4,1,0,0,Guangdong,Saturday,1,1,6,1,yes and agree,heard and know,heard and know,heard but do not know,12,1,6933,1.87731917092342,5,1,0,0
1389,7,7,7,0,3.68887945411394,3.25809653802148,0,county seat,1,0,3,0,0,0,Beijing,Friday,1,1,0,1,no,never,never,never,10,0,1333,0.446925814010253,7,1,1,1
1612,5,6,6,0,4.38202663467388,3.04452243772342,1,county seat,0,0,4,0,0,0,Beijing,Saturday,1,1,0,1,yes and agree,heard but do not know,heard but do not know,heard but do not know,10,0,1225,0.681694532917722,6,0,1,1
2626,7,7,3,0,4.60517018598809,3.43398720448515,1,city,0,0,1,0,0,0,Guangdong,Wednesday,1,1,0,1,yes and agree,heard and know,heard and know,heard and know,10,0,3629,0.426155297891374,7,1,1,0
2621,6,7,2,0,4.59511985013459,3.73766961828337,0,city,1,1,3,1,1,0,Guangdong,Wednesday,1,0,5,1,yes and agree,heard but do not know,heard but do not know,heard but do not know,0,1,1018,0.593131073837361,7,0,1,0
1383,2,7,3,0,4.40671924726425,3.55534806148941,0,city,1,1,4,1,0,1,Guizhou,Friday,0,0,0,1,yes and agree,heard but do not know,heard but do not know,never,17,0,1690,0.29,7,0,1,0
2632,7,7,2,0,4.33073334028633,3.55534806148941,0,city,0,0,3,0,1,1,Guangdong,Wednesday,1,1,6,1,yes and agree,heard but do not know,heard but do not know,never,10,1,1316,0.29,7,1,1,0
3329,2,3,2,0,4.78749174278205,3.13549421592915,0,rural,1,0,4,0,1,0,Guangxi,Thursday,0,1,3,1,yes and agree,heard but do not know,never,never,0,1,1043,0.477141595741477,3,0,1,0
198,6,7,4,0,3.91202300542815,3.63758615972639,0,city,1,1,4,1,0,0,Zhejiang,Sunday,0,0,3,1,yes and agree,never,never,heard but do not know,6,1,1250,0.719284534475195,7,0,1,0
2641,5,3,5,0,4.86753445045558,3.13549421592915,0,city,1,0,3,0,1,0,Guangdong,Wednesday,1,1,7,0,yes but disagree,heard and know,heard and know,heard and know,1,1,3165,0.513391102033781,5,1,0,1
186,7,7,7,0,4.39444915467244,3.52636052461616,0,city,1,1,4,1,1,0,Zhejiang,Sunday,0,0,5,1,yes and agree,heard and know,never,never,3,1,3900,0.29,7,1,1,1
812,7,7,7,0,4.51085950651685,3.55534806148941,0,city,0,1,5,1,0,0,Guizhou,Sunday,0,0,0,1,yes and agree,never,never,never,6,0,1950,2.73102647431892,7,1,1,1
2692,1,7,1,0,3.91202300542815,3.52636052461616,0,county seat,1,1,4,0,0,0,Guangdong,Thursday,1,1,5,1,yes and agree,heard and know,heard and know,heard but do not know,10,1,2622,0.29,7,0,1,0
3005,1,1,1,1,4.58496747867057,3.63758615972639,0,county seat,1,1,4,1,0,0,Guangxi,Tuesday,1,1,2,1,yes and agree,heard and know,never,never,4,1,3164,0.719284534475195,1,0,0,0
2550,7,7,4,1,4.02535169073515,3.17805383034795,0,city,1,0,5,0,0,0,Jilin,Tuesday,1,1,0,1,yes and agree,heard but do not know,never,never,0,0,1421,0.490035858521876,7,1,1,0
2111,2,1,1,1,4.99721227376411,3.66356164612965,0,rural,1,1,3,0,0,0,Gansu,Thursday,1,1,0,1,yes and agree,never,never,never,0,0,1778,0.634968978704538,2,1,0,0
2112,1,1,1,0,5.54126354515843,3.66356164612965,0,rural,0,0,3,1,1,0,Guizhou,Thursday,0,0,0,1,no,never,never,never,0,0,2647,0.29,1,0,0,0
1495,7,7,7,0,4.47733681447821,3.49650756146648,0,city,0,1,2,1,0,0,Gansu,Saturday,0,0,0,1,yes and agree,heard and know,never,never,0,0,3713,3.03318577615052,7,1,1,1
1828,5,6,5,0,4.44265125649032,3.04452243772342,0,city,0,0,5,1,1,0,Guangdong,Tuesday,0,1,0,0,yes and agree,heard but do not know,never,heard but do not know,2,0,1333,2.07766836253582,6,0,1,0
1982,7,7,7,0,4.60517018598809,2.99573227355399,1,city,1,0,6,1,0,0,Beijing,Wednesday,1,0,0,1,yes and agree,heard and know,heard and know,heard but do not know,2,0,2150,0.591478324546551,7,1,1,1
2453,7,5,4,0,3.91202300542815,3.49650756146648,1,county seat,1,1,1,0,1,0,Guangdong,Monday,0,1,4,1,yes and agree,heard but do not know,heard but do not know,heard but do not know,12,1,2141,0.29,7,1,0,0
3214,7,2,1,0,4.47733681447821,3.25809653802148,0,rural,0,1,6,0,1,0,Guangxi,Thursday,0,1,0,1,yes and agree,heard but do not know,never,never,20,0,1786,0.49871400783346,7,1,0,0
1041,2,4,3,0,4.49980967033027,3.89182029811063,1,county seat,0,1,4,0,0,0,Hebei,Tuesday,1,0,0,1,yes and agree,heard but do not know,heard but do not know,never,14,0,1875,0.29,4,0,1,0
1211,6,6,6,0,4.06044301054642,3.93182563272433,0,county seat,1,1,3,0,1,0,Beijing,Thursday,1,1,1,1,no,never,never,never,0,1,3240,0.978987610870783,6,1,1,1
3004,1,3,2,0,4.60517018598809,3.58351893845611,0,county seat,0,1,5,1,1,0,Zhejiang,Tuesday,1,0,4,1,no,heard but do not know,never,never,0,1,2678,0.29,3,0,1,0
1104,2,2,2,0,3.89182029811063,3.8286413964891,0,city,1,1,2,1,0,0,Gansu,Sunday,0,1,0,1,yes and agree,never,never,never,2,0,1733,1.26003066629997,2,1,1,1
2841,1,1,1,0,4.70048036579242,4.04305126783455,0,rural,1,1,7,0,0,0,Gansu,Friday,0,1,0,1,no,never,never,never,0,0,2839,3.66022611323826,1,0,0,0
2969,3,3,3,1,4.9416424226093,4.07753744390572,0,county seat,1,1,6,0,1,0,Guangxi,Tuesday,0,1,1,1,no,never,never,never,0,1,5179,0.66035484916883,3,1,1,1
2315,1,1,1,0,4.38202663467388,4.07753744390572,0,rural,1,1,4,0,1,0,Jilin,Saturday,1,1,2,1,no,never,never,never,0,1,2400,6.81468716144149,1,0,0,0
3311,6,6,2,0,4.31748811353631,3.58351893845611,0,county seat,0,1,3,1,0,0,Jilin,Friday,1,1,0,1,yes and agree,never,never,never,6,0,1776,2.59169256823733,6,1,1,0
816,3,7,2,0,4.38202663467388,3.55534806148941,0,city,0,1,6,1,1,0,Zhejiang,Sunday,0,0,2,1,yes but disagree,heard and know,heard and know,heard and know,1,1,1929,0.29,7,0,1,0
3049,7,7,7,1,4.60517018598809,3.63758615972639,0,city,1,1,5,1,0,0,Guangxi,Wednesday,0,0,2,1,yes and agree,heard and know,never,never,2,1,2700,0.29,7,1,1,1
3321,7,7,2,0,4.27666611901606,3.49650756146648,1,county seat,0,1,4,1,1,0,Guangdong,Thursday,1,0,1,1,yes and agree,heard and know,heard but do not know,heard but do not know,4,1,1625,0.389552227928835,7,1,1,0
2666,1,2,1,0,4.17438726989564,3.29583686600433,0,rural,1,0,2,1,1,0,Guangdong,Thursday,1,1,4,1,no,never,never,never,0,1,4030,0.397805835573785,2,0,1,0
2953,4,4,4,0,4.70048036579242,3.80666248977032,0,rural,0,1,5,0,1,0,Guangxi,Monday,0,1,0,1,yes and agree,never,never,never,2,0,2698,1.49741826995089,4,1,1,1
2811,2,1,1,0,4.78749174278205,3.73766961828337,0,county seat,1,1,4,1,0,0,Henan,Friday,1,1,2,1,yes and agree,never,never,never,14,1,4107,1.54603395300811,2,1,0,0
2490,1,1,1,0,4.49980967033027,3.68887945411394,0,county seat,1,1,1,1,0,0,Henan,Monday,1,0,0,1,yes and agree,heard and know,heard but do not know,heard but do not know,0,0,1760,0.652822858651694,1,0,0,0
1159,5,4,3,1,3.91202300542815,3.8286413964891,0,city,1,1,4,1,0,0,Beijing,Wednesday,0,1,4,1,no,never,never,never,2,1,857,0.29,5,1,0,0
2161,1,1,1,1,4.9416424226093,3.68887945411394,0,county seat,1,1,1,1,0,0,Henan,Thursday,0,0,3,1,yes but disagree,never,never,never,0,1,3269,1.71379837552918,1,0,0,0
1102,2,4,2,0,4.60517018598809,3.8286413964891,0,rural,1,1,1,0,0,0,Zhejiang,Wednesday,1,1,4,1,yes but disagree,heard but do not know,never,never,0,1,300,0.456907118101897,4,0,1,0
3033,2,3,2,0,4.68213122712422,4.00733318523247,0,city,0,1,5,0,1,0,Guangxi,Wednesday,0,1,0,1,yes and agree,heard but do not know,never,never,20,0,1067,0.29,3,0,1,0
2153,7,7,7,0,5.65248918026865,3.13549421592915,0,rural,0,0,5,1,1,0,Guizhou,Thursday,0,0,0,1,yes but disagree,heard but do not know,never,never,20,0,5357,0.574234834677739,7,1,1,1
3426,3,4,4,0,5.4380793089232,3.46573590279973,0,rural,1,1,6,1,0,0,Guangxi,Saturday,0,1,5,0,no,never,never,never,0,1,1296,0.29,4,0,1,1
2351,1,1,1,0,4.70048036579242,3.80666248977032,0,county seat,1,1,3,1,0,0,Gansu,Saturday,0,1,0,1,no,heard but do not know,heard but do not know,never,2,0,1520,0.29,1,0,0,0
1688,6,6,6,0,4.58496747867057,3.49650756146648,0,rural,0,1,5,1,1,0,Guangdong,Sunday,0,1,7,1,no,never,never,never,0,1,583,0.363354956967457,6,1,1,1
663,6,6,6,0,4.46590811865458,3.29583686600433,1,county seat,1,1,3,0,1,0,Guizhou,Friday,0,0,0,0,yes and agree,heard and know,heard and know,heard but do not know,10,0,2046,0.427046595145418,6,1,1,1
623,7,7,7,0,4.49980967033027,4.04305126783455,0,county seat,1,1,4,0,1,0,Hebei,Friday,1,0,0,1,no,never,never,never,6,0,2509,0.727670759038803,7,1,1,1
1629,5,5,5,0,4.38202663467388,3.43398720448515,0,city,1,1,2,0,0,0,Guangdong,Sunday,0,1,0,1,yes but disagree,never,never,never,0,0,2688,0.357396571614206,5,1,1,1
2186,5,5,4,1,4.49980967033027,3.43398720448515,0,rural,1,1,4,1,0,0,Gansu,Thursday,1,1,0,1,yes and agree,heard but do not know,heard but do not know,heard but do not know,1,0,1768,0.29,5,1,1,0
3306,1,1,1,0,2.99573227355399,3.95124371858143,0,county seat,1,1,3,0,0,0,Guangxi,Thursday,1,1,0,1,no,never,never,never,0,0,1500,5.18262582069788,1,0,0,0
1684,2,1,1,0,4.86753445045558,3.76120011569356,0,rural,1,1,2,1,0,0,Shanxi,Sunday,1,1,0,1,no,never,never,never,0,0,1714,1.35488163781115,2,1,0,0
2352,7,7,7,0,4.34380542185368,3.46573590279973,0,city,0,0,3,0,0,0,Shanxi,Saturday,0,0,0,1,yes and agree,heard but do not know,heard but do not know,never,0,0,1300,1.1805150835197,7,1,1,1
2245,2,2,2,0,4.70048036579242,3.36729582998647,0,county seat,1,1,4,1,0,1,Guizhou,Friday,0,0,6,1,yes but disagree,heard but do not know,heard but do not know,never,0,1,1700,0.390352736240351,2,1,1,1
2424,3,7,2,0,2.94443897916644,3.36729582998647,1,county seat,1,1,2,1,0,0,Guangdong,Sunday,0,1,5,1,yes and agree,heard and know,never,never,14,1,1690,0.390352736240351,7,0,1,0
981,2,3,3,0,4.17438726989564,3.55534806148941,0,city,1,0,4,0,1,0,Shanxi,Monday,1,1,0,1,yes but disagree,heard but do not know,never,never,2,0,800,0.29,3,0,1,1
2242,1,7,7,0,4.60517018598809,3.55534806148941,1,city,0,1,1,1,0,1,Guangdong,Friday,1,0,7,1,yes and agree,heard but do not know,heard but do not know,heard but do not know,0,1,2500,0.29,7,0,1,1
3269,3,3,3,0,4.99721227376411,3.80666248977032,0,rural,1,1,5,1,0,0,Guangxi,Thursday,0,1,0,0,no,heard but do not know,never,never,0,0,2000,1.2236770396642,3,1,1,1
1149,7,7,7,0,4.38202663467388,3.61091791264422,1,city,1,1,3,1,0,0,Shanxi,Wednesday,1,1,0,1,yes and agree,heard but do not know,never,never,0,0,1167,0.29,7,1,1,1
1831,4,4,4,0,4.07753744390572,3.58351893845611,0,city,1,1,2,1,0,0,Gansu,Tuesday,1,1,0,1,yes and agree,heard and know,never,never,4,0,1000,2.10856569540875,4,1,1,1
2831,7,7,7,0,4.9416424226093,3.85014760171006,0,rural,0,1,3,1,0,0,Gansu,Friday,0,1,0,1,yes but disagree,never,never,never,10,0,2209,1.35169466588898,7,1,1,1
1565,5,6,5,0,4.66343909411207,3.13549421592915,1,city,1,0,3,0,0,0,Guizhou,Saturday,0,0,0,1,yes and agree,heard but do not know,never,never,10,0,3475,0.513391102033781,6,0,1,0
1109,5,5,4,0,4.06044301054642,3.76120011569356,0,county seat,1,1,4,0,0,0,Beijing,Wednesday,1,1,3,1,no,heard but do not know,never,heard but do not know,2,1,1418,1.468673196117,5,1,1,0
1135,7,7,7,0,5.01063529409626,4.29045944114839,0,rural,1,1,3,0,1,0,Hebei,Wednesday,1,1,3,1,no,never,never,never,0,1,150,1.58824844458593,7,1,1,1
1699,5,5,4,0,5.07517381523383,3.87120101090789,0,rural,1,1,3,0,0,0,Shanxi,Sunday,1,1,0,1,yes and agree,heard but do not know,never,never,0,0,1340,1.05149795660307,5,1,1,0
2845,5,5,5,0,4.21950770517611,3.95124371858143,0,county seat,1,1,6,1,0,0,Guangxi,Friday,1,1,0,1,no,never,never,never,0,0,3232,0.931282439924059,5,1,1,1
2231,2,1,1,0,4.61512051684126,3.17805383034795,1,county seat,0,0,4,0,0,0,Guizhou,Friday,0,0,0,1,yes and agree,heard but do not know,heard but do not know,never,0,0,1750,0.590180185840672,2,1,0,0
181,5,5,4,0,4.86753445045558,3.89182029811063,0,rural,0,1,6,1,0,0,Hebei,Sunday,1,0,0,0,yes and agree,heard but do not know,never,never,0,0,2291,1.22081469772307,5,1,1,0
829,7,7,7,0,4.38202663467388,3.87120101090789,1,city,1,1,6,1,0,0,Zhejiang,Sunday,0,0,2,1,yes and agree,heard and know,never,heard and know,2,1,3000,0.29,7,1,1,1
861,2,5,1,0,4.24849524204936,4.17438726989564,0,city,1,1,4,0,1,1,Hebei,Sunday,1,1,1,1,yes and agree,heard but do not know,never,never,1,1,2200,0.29,5,0,1,0
3214,1,1,1,0,4.39444915467244,3.58351893845611,1,rural,1,1,4,1,0,0,Guangdong,Thursday,1,0,5,1,yes and agree,heard and know,never,never,16,1,3529,0.29,1,0,0,0
2469,4,7,7,0,4.02535169073515,3.66356164612965,0,county seat,0,1,2,1,0,1,Guangdong,Monday,0,1,7,1,yes and agree,heard and know,heard and know,heard and know,10,1,2347,0.29,7,0,1,1
190,5,6,3,0,4.24849524204936,3.17805383034795,1,city,1,0,4,0,0,0,Hebei,Sunday,1,1,3,1,yes and agree,heard and know,never,never,0,1,1650,0.490035858521876,6,0,1,0
1003,7,7,1,0,4.38202663467388,3.55534806148941,1,county seat,1,1,4,1,0,1,Hebei,Tuesday,1,0,3,1,yes and agree,heard but do not know,never,never,0,1,2400,0.29,7,1,1,0
1352,4,4,4,0,4.31748811353631,3.46573590279973,0,county seat,1,1,5,1,0,0,Guangdong,Friday,1,0,3,1,yes but disagree,never,never,never,0,1,3000,0.29,4,1,1,1
383,4,5,2,0,5.07517381523383,3.71357206670431,1,city,1,1,5,1,1,1,Zhejiang,Thursday,1,0,0,1,yes and agree,familiar,heard and know,familiar,1,0,200,0.29,5,0,1,0
2481,2,2,3,0,4.23410650459726,3.78418963391826,0,city,1,1,5,1,0,0,Jilin,Monday,1,1,0,1,yes but disagree,heard but do not know,never,heard but do not know,0,0,2572,0.539519588268097,3,0,0,1
1139,2,1,1,0,3.80666248977032,3.93182563272433,0,city,1,1,3,0,1,0,Beijing,Wednesday,0,1,0,1,no,heard but do not know,never,never,10,0,2858,0.391371918195371,2,1,0,0
1560,7,7,6,0,3.87120101090789,4.15888308335967,0,county seat,1,0,1,1,1,0,Shanxi,Saturday,1,1,0,0,yes and agree,never,never,heard but do not know,0,0,1969,0.29,7,1,1,0
101,1,1,2,0,3.91202300542815,3.25809653802148,1,city,0,1,3,1,1,0,Guangdong,Friday,1,1,0,1,yes but disagree,familiar,heard but do not know,heard but do not know,8,0,1176,0.536869282371849,2,0,0,1
1819,2,4,5,1,4.74493212836325,3.04452243772342,1,city,1,0,3,0,0,0,Zhejiang,Tuesday,1,0,4,1,yes and agree,heard and know,heard but do not know,heard but do not know,8,1,1500,0.564039248433492,5,0,0,1
2891,6,6,6,0,5.29831736654804,3.55534806148941,0,rural,0,1,5,1,0,0,Guangxi,Sunday,1,1,0,0,no,never,never,never,0,0,2000,2.51476731595641,6,1,1,1
2215,6,7,6,0,4.60517018598809,4.02535169073515,0,county seat,1,1,4,0,0,0,Guangdong,Friday,1,1,5,1,yes but disagree,heard but do not know,never,heard but do not know,8,1,6115,0.29,7,0,1,0
311,5,2,5,0,4.48863636973214,3.43398720448515,1,city,0,1,6,0,0,0,Guangdong,Thursday,1,1,0,1,yes and agree,heard and know,heard and know,heard and know,10,0,3333,0.426155297891374,5,1,0,1
2518,7,7,7,0,4.44265125649032,3.58351893845611,1,city,1,1,7,1,0,0,Guangdong,Tuesday,1,0,7,1,yes and agree,heard and know,never,heard but do not know,15,1,5357,0.29,7,1,1,1
1164,6,6,6,0,4.24849524204936,4.11087386417331,0,city,1,1,5,0,1,0,Shanxi,Wednesday,1,1,2,1,no,heard but do not know,never,never,0,1,258,0.29,6,1,1,1
1166,1,6,6,0,4.35670882668959,3.25809653802148,1,city,1,0,4,0,0,0,Guizhou,Wednesday,0,1,0,1,yes and agree,heard but do not know,heard but do not know,never,20,0,1300,0.446925814010253,6,0,1,1
2329,2,4,4,0,4.00733318523247,2.99573227355399,1,city,0,0,3,0,0,0,Jilin,Saturday,1,0,2,1,yes and agree,heard but do not know,heard but do not know,never,2,1,6180,0.71562634520204,4,0,1,1
3022,2,2,2,0,5.29831736654804,4.00733318523247,0,rural,0,1,5,0,0,0,Guangxi,Wednesday,0,1,0,1,yes and agree,never,never,never,0,0,3491,0.364289093000523,2,1,1,1
3404,6,5,5,1,4.0943445622221,4.06044301054642,0,city,1,1,4,0,0,0,Jilin,Friday,0,1,1,1,yes and agree,never,never,never,2,1,2125,0.29,6,1,0,0
2323,5,5,5,0,5.52146091786225,3.36729582998647,0,city,0,1,4,1,0,0,Guangdong,Saturday,1,0,0,1,yes and agree,heard and know,heard and know,heard but do not know,10,0,1875,0.46690967267782,5,1,1,1
2146,1,1,1,1,5.19295685089021,3.58351893845611,0,rural,1,1,4,1,0,0,Gansu,Thursday,1,1,0,1,yes and agree,never,never,never,8,0,1957,0.734314968914343,1,0,0,0
1460,6,5,4,0,3.52636052461616,3.66356164612965,0,county seat,1,1,4,1,0,0,Shanxi,Saturday,1,1,0,1,no,heard and know,never,heard but do not know,0,0,1167,1.80468621814222,6,1,0,0
1269,2,2,1,0,5.19295685089021,2.63905732961526,0,rural,0,0,6,1,1,0,Beijing,Thursday,1,1,3,1,yes and agree,never,never,never,14,1,2100,7.62989449113376,2,1,1,0
811,2,2,2,0,4.55387689160054,3.43398720448515,1,rural,1,1,4,0,0,0,Shanxi,Sunday,1,1,0,1,yes and agree,heard but do not know,heard but do not know,heard but do not know,10,0,1929,0.29,2,1,1,1
3094,7,7,4,0,4.60517018598809,3.91202300542815,1,county seat,1,1,5,0,0,0,Guangdong,Wednesday,0,0,6,1,yes and agree,heard and know,never,never,10,1,3385,0.29,7,1,1,0
2130,1,1,1,1,4.38202663467388,3.66356164612965,0,county seat,1,1,1,1,0,0,Henan,Thursday,0,0,2,1,no,never,never,never,0,1,658,1.80468621814222,1,0,0,0
2618,1,7,1,0,4.78749174278205,2.99573227355399,0,rural,0,0,4,1,0,0,Guangdong,Thursday,1,1,0,1,yes and agree,never,never,never,9,0,818,2.0164038403666,7,0,1,0
2931,5,6,5,1,4.43081679884331,3.85014760171006,0,rural,1,1,6,0,1,0,Jilin,Monday,1,0,0,1,yes and agree,heard and know,heard but do not know,heard but do not know,4,0,2640,1.10583714859619,6,0,1,0
2538,7,6,1,0,4.44265125649032,3.89182029811063,0,county seat,1,1,4,1,0,0,Zhejiang,Tuesday,0,0,3,1,no,never,never,never,0,1,3600,6.07716237531915,7,1,0,0
2366,4,2,1,0,4.60517018598809,3.09104245335832,0,rural,0,0,1,1,0,0,Shanxi,Saturday,0,0,0,1,yes and agree,heard and know,heard but do not know,never,0,0,3733,4.98802323666113,4,1,0,0
901,2,1,1,0,4.49980967033027,4.12713438504509,0,rural,0,1,2,0,1,1,Shanxi,Sunday,1,1,0,1,yes and agree,heard but do not know,never,never,5,0,1400,0.29,2,1,0,0
3423,6,7,7,1,4.86753445045558,3.43398720448515,0,county seat,0,1,3,1,0,0,Shanxi,Saturday,1,0,0,1,no,heard but do not know,never,never,0,0,1500,3.36961420810059,7,0,1,1
2131,2,2,4,0,3.2188758248682,3.8286413964891,0,city,0,0,5,0,0,0,Jilin,Thursday,1,0,0,1,no,never,never,never,0,0,1080,1.54237402683485,4,0,0,1
1929,2,1,1,0,4.77912349311153,3.13549421592915,1,county seat,0,0,4,0,0,0,Guizhou,Tuesday,1,0,0,1,yes and agree,heard but do not know,heard but do not know,never,0,0,2143,0.619061833875582,2,1,0,0
941,6,6,6,0,4.20469261939097,3.80666248977032,0,city,1,1,3,0,1,0,Hebei,Monday,1,0,3,1,yes but disagree,heard but do not know,heard but do not know,heard but do not know,0,1,3300,1.32587761056342,6,1,1,1
2881,6,6,6,0,5.29831736654804,3.66356164612965,0,rural,1,1,5,1,0,0,Guangxi,Sunday,0,1,0,0,no,never,never,never,0,0,3091,0.634968978704538,6,1,1,1
2539,3,3,3,0,4.49980967033027,4.06044301054642,0,county seat,1,1,4,1,0,0,Zhejiang,Tuesday,0,0,2,1,no,heard but do not know,never,never,0,1,3200,0.693109043829197,3,1,1,1
1830,7,1,1,1,4.38202663467388,3.68887945411394,0,city,0,1,5,0,1,0,Gansu,Tuesday,1,1,4,1,yes but disagree,never,never,never,12,1,2182,0.29,7,1,0,0
1616,2,2,1,0,4.65396035015752,3.76120011569356,0,city,1,1,3,1,0,0,Guangxi,Saturday,1,1,4,1,yes and agree,heard and know,heard and know,heard and know,0,1,1250,1.468673196117,2,1,1,0
3163,6,6,6,0,4.98360662170834,3.49650756146648,1,county seat,1,0,4,0,1,0,Guangdong,Wednesday,0,1,4,1,yes but disagree,heard but do not know,heard and know,heard and know,0,1,1846,0.29,6,1,1,1
2151,1,1,1,0,5.01063529409626,3.36729582998647,0,rural,1,1,3,1,1,0,Guizhou,Thursday,0,0,0,1,yes and agree,never,never,never,0,0,2821,0.364090486507244,1,0,0,0
1519,7,2,1,0,4.45434729625351,3.71357206670431,0,county seat,1,1,4,1,0,0,Guangdong,Saturday,1,0,4,1,yes but disagree,never,heard but do not know,never,0,1,4267,0.29,7,1,0,0
3419,7,7,7,0,4.24849524204936,3.52636052461616,0,county seat,0,1,3,0,1,0,Jilin,Saturday,1,1,0,1,no,heard but do not know,never,never,15,0,600,9.5,7,1,1,1
2110,7,7,4,0,3.76120011569356,3.25809653802148,1,city,1,1,3,1,1,0,Guangxi,Thursday,1,0,4,1,yes and agree,heard and know,heard but do not know,heard but do not know,10,1,2607,0.446925814010253,7,1,1,0
1118,2,2,1,0,4.0943445622221,4.06044301054642,0,rural,1,1,2,1,0,0,Beijing,Wednesday,1,1,3,1,no,never,never,never,0,1,1859,3.47229660269936,2,1,1,0
910,7,1,1,0,4.55387689160054,3.97029191355212,0,city,1,1,4,1,1,0,Hebei,Sunday,1,1,0,1,no,never,never,never,2,0,2640,4.91507732311797,7,1,0,0
3003,6,6,7,0,4.44265125649032,3.95124371858143,0,city,1,1,4,0,0,1,Guangxi,Tuesday,1,1,0,1,yes and agree,heard and know,heard but do not know,never,5,0,893,0.29,7,0,0,1
1014,5,5,4,0,4.38202663467388,3.61091791264422,1,county seat,1,1,3,1,1,0,Beijing,Tuesday,1,1,1,1,yes and agree,heard but do not know,never,never,2,1,1071,0.29,5,1,1,0
3393,4,5,7,1,4.70048036579242,3.52636052461616,0,county seat,0,0,3,0,0,0,Jilin,Saturday,0,1,0,1,yes and agree,heard but do not know,heard but do not know,never,8,0,2000,1.06707173730585,7,0,0,1
1905,2,2,1,0,4.58496747867057,3.17805383034795,0,county seat,1,0,4,0,0,0,Guizhou,Tuesday,1,0,0,1,yes and agree,heard but do not know,heard but do not know,heard but do not know,15,0,1667,0.490035858521876,2,1,1,0
994,2,7,1,0,3.68887945411394,3.89182029811063,0,city,0,1,3,1,0,0,Beijing,Tuesday,1,0,0,1,yes and agree,heard and know,never,never,0,0,2058,0.29,7,0,1,0
2166,7,7,5,0,4.38202663467388,4.18965474202643,0,county seat,1,1,5,0,0,0,Zhejiang,Thursday,1,0,3,1,yes and agree,heard and know,heard but do not know,never,10,1,4719,0.29,7,1,1,0
2193,4,5,2,0,4.38202663467388,3.52636052461616,0,city,0,1,4,1,1,0,Guangxi,Thursday,0,1,3,1,yes and agree,heard and know,never,never,2,1,2804,1.06707173730585,5,0,1,0
1211,7,5,2,0,4.74493212836325,3.29583686600433,1,county seat,1,1,5,0,0,1,Guangdong,Thursday,0,0,1,1,yes and agree,heard and know,heard and know,heard but do not know,10,1,3477,0.427046595145418,7,1,0,0
1385,4,4,4,1,4.8283137373023,3.52636052461616,0,city,1,1,4,1,1,0,Hebei,Friday,0,0,3,1,yes but disagree,heard but do not know,heard but do not know,heard but do not know,4,1,1600,0.29,4,1,1,1
2398,7,7,7,0,3.80666248977032,3.49650756146648,1,county seat,1,1,2,1,0,0,Guangdong,Sunday,1,1,5,1,no,heard but do not know,never,never,14,1,675,0.29,7,1,1,1
3012,2,7,1,0,4.31748811353631,3.40119738166216,0,rural,1,1,1,1,0,0,Guangdong,Wednesday,1,1,0,1,yes but disagree,heard but do not know,never,never,0,0,5333,0.29,7,0,1,0
158,6,6,6,0,5.99146454710798,3.04452243772342,0,rural,1,0,4,0,1,0,Guizhou,Saturday,0,0,0,1,yes but disagree,heard but do not know,never,never,10,0,2600,1.56090593206928,6,1,1,1
3111,6,6,5,0,4.0943445622221,3.55534806148941,0,county seat,1,1,2,1,0,0,Guangdong,Wednesday,1,1,2,1,yes and agree,heard but do not know,heard but do not know,heard but do not know,8,1,713,0.29,6,1,1,0
913,1,1,1,0,4.72738781871234,4.00733318523247,0,rural,1,1,1,0,0,0,Beijing,Sunday,1,1,4,1,yes and agree,heard and know,never,never,0,1,1320,4.06776977073636,1,0,0,0
1515,4,5,5,0,4.60517018598809,3.2188758248682,1,county seat,1,0,4,0,0,0,Guangdong,Saturday,1,1,4,1,yes but disagree,heard but do not know,never,never,14,1,3016,0.467902055622054,5,0,1,1
1224,5,7,1,0,4.86753445045558,3.93182563272433,0,rural,0,1,6,0,0,0,Guangdong,Thursday,1,0,4,1,yes and agree,familiar,never,never,6,1,4650,0.435591191832487,7,0,1,0
2396,6,6,6,0,4.48863636973214,3.85014760171006,1,county seat,1,1,6,0,0,0,Gansu,Sunday,1,0,0,1,yes and agree,heard but do not know,heard but do not know,heard but do not know,0,0,1517,0.29,6,1,1,1
3048,4,2,4,0,5.63478960316925,3.43398720448515,0,city,1,0,4,0,1,0,Guangdong,Wednesday,1,0,3,1,yes and agree,heard but do not know,heard but do not know,heard but do not know,5,1,1440,2.73763469141016,4,1,0,1
2595,1,1,1,0,4.78749174278205,3.95124371858143,0,rural,0,1,4,1,0,0,Henan,Wednesday,1,1,4,1,yes and agree,never,never,never,0,1,1618,5.87962772726106,1,0,0,0
146,7,7,7,0,4.74493212836325,3.97029191355212,0,rural,1,1,5,0,0,0,Hebei,Saturday,1,1,0,1,yes but disagree,never,never,never,5,0,2400,0.819571437944908,7,1,1,1
2818,7,7,7,0,4.69134788222914,3.66356164612965,0,city,0,0,4,1,0,1,Guizhou,Friday,0,0,0,1,yes and agree,heard but do not know,heard but do not know,never,0,0,2857,0.29,7,1,1,1
2134,1,1,1,1,5.23110861685459,3.58351893845611,0,rural,1,1,3,1,0,0,Gansu,Thursday,1,1,0,1,yes and agree,never,never,never,0,0,1588,0.734314968914343,1,0,0,0
2036,7,7,7,0,4.24448722065182,3.52636052461616,1,city,1,1,4,1,0,0,Guangdong,Wednesday,0,1,7,1,yes and agree,familiar,familiar,familiar,10,1,1973,0.29,7,1,1,1
1103,2,4,7,1,4.44265125649032,3.43398720448515,0,rural,0,1,2,1,1,1,Jilin,Sunday,1,0,0,1,yes but disagree,heard but do not know,heard but do not know,heard but do not know,0,0,1600,0.396986886601427,7,0,0,1
3241,7,5,3,0,4.36944785246702,3.36729582998647,0,county seat,1,1,6,1,0,0,Guangdong,Thursday,1,0,5,1,yes and agree,never,never,never,0,1,3105,3.04054345834172,7,1,0,0
1010,6,6,6,0,4.60517018598809,4.11087386417331,0,county seat,1,1,2,0,0,0,Hebei,Tuesday,1,1,3,1,no,never,never,never,0,1,3180,0.29,6,1,1,1
2096,2,2,2,1,5.48063892334199,3.63758615972639,0,rural,1,1,4,1,1,0,Henan,Thursday,0,0,2,1,yes and agree,heard but do not know,heard but do not know,never,0,1,4680,0.666322269358554,2,1,1,1
2461,6,7,5,0,4.33073334028633,3.43398720448515,0,city,1,1,4,1,1,0,Hebei,Monday,1,0,7,1,yes and agree,heard but do not know,never,never,2,1,1615,0.357396571614206,7,0,1,0
2119,3,4,3,1,5.13579843705026,3.55534806148941,0,rural,1,1,3,1,0,0,Gansu,Thursday,1,0,0,0,no,never,heard and know,never,1,0,3000,0.29,4,0,1,0
2814,4,2,2,0,5.01063529409626,3.63758615972639,0,rural,1,1,3,1,0,0,Henan,Saturday,1,0,0,1,yes but disagree,never,never,never,0,0,4398,1.75173861887515,4,1,0,0
1033,5,5,2,0,3.73766961828337,3.58351893845611,0,city,0,0,4,0,0,0,Beijing,Tuesday,1,1,0,1,no,never,never,never,8,0,800,0.29,5,1,1,0
1523,4,4,4,0,4.33073334028633,3.63758615972639,0,city,0,1,3,1,0,0,Gansu,Saturday,0,0,0,1,no,never,heard and know,never,0,0,2200,2.33450446013243,4,1,1,1
2313,7,7,7,0,3.91202300542815,3.36729582998647,0,city,1,0,2,0,0,0,Hebei,Saturday,1,0,0,1,yes and agree,never,never,never,0,0,1977,1.12488827512446,7,1,1,1
2301,7,7,7,0,3.40119738166216,3.2188758248682,1,city,1,0,4,0,0,0,Shanxi,Saturday,1,0,0,1,yes and agree,heard and know,heard and know,heard but do not know,6,0,1600,0.467902055622054,7,1,1,1
151,7,7,2,1,4.8283137373023,3.71357206670431,0,city,1,1,4,0,1,0,Hebei,Saturday,1,1,4,1,yes and agree,heard but do not know,never,never,0,1,2656,0.62217556485308,7,1,1,0
1199,6,6,6,0,4.44265125649032,3.80666248977032,0,rural,1,0,4,0,0,0,Guangdong,Monday,0,1,3,1,yes but disagree,heard but do not know,never,never,20,1,3769,0.478434171981895,6,1,1,1
180,7,7,7,0,4.85981240436167,3.97029191355212,0,rural,0,1,4,0,0,0,Hebei,Saturday,1,1,0,1,no,never,never,never,2,0,1650,0.997691698834519,7,1,1,1
2991,7,7,3,0,3.68887945411394,3.87120101090789,0,city,1,1,3,0,1,0,Jilin,Tuesday,1,1,0,1,yes and agree,heard but do not know,never,never,0,0,1100,6.40883983816893,7,1,1,0
1141,3,3,2,1,5.29831736654804,4.00733318523247,0,city,0,1,3,0,0,0,Beijing,Wednesday,0,0,4,1,yes and agree,never,never,never,2,1,2600,0.976730686161608,3,1,1,0
1096,1,1,1,0,5.01063529409626,3.95124371858143,0,rural,1,1,3,0,0,0,Beijing,Wednesday,1,1,3,1,no,never,never,never,2,1,1183,0.29,1,0,0,0
2984,1,2,1,0,4.60517018598809,3.43398720448515,0,city,0,0,4,0,0,0,Guangxi,Tuesday,1,1,0,1,yes but disagree,heard but do not know,never,never,25,0,713,0.426155297891374,2,0,1,0
1644,5,7,5,0,4.44265125649032,3.49650756146648,0,county seat,0,1,5,1,0,0,Guangdong,Sunday,1,0,4,1,yes and agree,heard but do not know,heard but do not know,never,0,1,2875,0.389552227928835,7,0,1,0
918,1,7,1,0,4.70048036579242,3.55534806148941,1,city,0,1,5,1,0,0,Guizhou,Sunday,0,0,6,1,yes and agree,heard but do not know,heard but do not know,heard but do not know,3,1,3200,0.29,7,0,1,0
1381,2,1,1,0,4.00733318523247,3.36729582998647,1,city,1,0,5,1,0,0,Guizhou,Friday,0,1,4,1,yes and agree,heard but do not know,never,never,16,1,2077,0.390352736240351,2,1,0,0
2281,4,7,1,0,4.33073334028633,3.3322045101752,0,county seat,0,1,3,0,0,0,Jilin,Saturday,1,0,0,1,no,heard but do not know,never,never,10,0,1385,0.48898871152122,7,0,1,0
808,7,5,7,0,4.04305126783455,4.11087386417331,0,city,1,0,4,0,1,0,Hebei,Sunday,1,1,2,1,yes and agree,heard and know,never,never,0,1,2182,0.599895843933836,7,1,0,1
2011,7,7,7,0,2.89037175789616,3.2188758248682,1,city,0,1,2,0,0,0,Henan,Wednesday,1,0,2,1,yes and agree,familiar,heard and know,heard and know,12,1,1440,0.562809000235141,7,1,1,1
2541,6,6,6,0,4.78749174278205,4.14313472639153,0,rural,1,1,2,0,1,0,Henan,Tuesday,1,1,4,1,no,never,never,never,0,1,188,0.50673170730865,6,1,1,1
2641,2,2,1,0,4.17438726989564,3.52636052461616,0,city,1,1,4,0,0,0,Guangdong,Wednesday,0,1,3,1,yes and agree,heard but do not know,heard but do not know,heard but do not know,8,1,1831,0.29,2,1,1,0
1021,6,4,5,0,3.68887945411394,3.66356164612965,1,city,1,1,4,0,0,1,Beijing,Tuesday,1,1,4,1,yes and agree,heard and know,heard but do not know,never,4,1,3600,0.29,6,1,0,0
3143,7,7,7,0,4.21950770517611,3.87120101090789,0,city,1,1,5,1,0,0,Guangdong,Wednesday,1,1,6,1,yes and agree,familiar,familiar,heard and know,12,1,5357,0.29,7,1,1,1
2388,5,5,5,0,4.60517018598809,3.09104245335832,0,county seat,0,0,4,0,0,0,Zhejiang,Sunday,0,0,2,1,yes and agree,heard but do not know,heard but do not know,heard but do not know,1,1,1750,0.649537298301348,5,1,1,1
1338,7,4,3,0,3.63758615972639,3.71357206670431,1,city,1,1,4,1,1,0,Beijing,Friday,1,0,4,1,yes but disagree,heard but do not know,heard but do not know,never,12,1,2800,0.29,7,1,0,0
1241,4,2,1,0,3.98898404656427,3.91202300542815,0,city,1,1,3,0,0,0,Beijing,Thursday,1,1,4,1,yes and agree,heard but do not know,never,never,6,1,1214,0.29,4,1,0,0
2111,7,7,7,0,4.70048036579242,3.46573590279973,0,city,0,1,4,1,0,0,Guizhou,Thursday,1,0,4,1,yes and agree,heard but do not know,never,never,10,1,3939,0.407362342670444,7,1,1,1
3069,2,2,2,0,4.60517018598809,3.61091791264422,0,rural,1,1,5,1,0,0,Guangxi,Wednesday,0,1,0,0,no,never,never,never,0,0,4180,0.699405772516068,2,1,1,1
2952,6,4,5,0,5.28826703069454,3.09104245335832,0,rural,0,0,3,1,0,0,Zhejiang,Monday,1,0,0,0,yes but disagree,never,heard but do not know,heard but do not know,7,0,1407,0.602236548090819,6,1,0,0
1254,4,3,4,0,4.60517018598809,3.8286413964891,0,rural,0,1,6,1,0,1,Gansu,Thursday,1,0,0,0,yes and agree,heard but do not know,heard but do not know,never,0,0,1800,0.549212399734652,4,1,0,1
1081,4,4,2,0,4.65396035015752,3.55534806148941,1,city,1,1,5,1,1,0,Shanxi,Tuesday,0,1,0,1,yes but disagree,heard but do not know,never,never,2,0,3200,0.29,4,1,1,0
3119,3,7,1,1,4.61512051684126,3.2188758248682,0,county seat,0,0,4,0,1,0,Guangdong,Thursday,1,0,4,1,yes and agree,heard and know,heard and know,heard but do not know,12,1,4934,0.562809000235141,7,0,1,0
2601,7,4,4,0,4.38202663467388,4.17438726989564,0,rural,0,1,5,0,1,0,Jilin,Wednesday,1,1,0,1,yes and agree,heard but do not know,never,never,4,0,427,0.29,7,1,0,0
3381,2,4,3,0,4.81218435537242,3.46573590279973,0,county seat,0,1,5,1,1,0,Guangxi,Friday,0,1,0,1,yes and agree,heard but do not know,never,never,4,0,2311,0.407362342670444,4,0,1,0
1163,4,5,5,0,4.35670882668959,3.49650756146648,0,county seat,0,1,5,1,1,0,Guangdong,Monday,0,0,6,1,no,heard but do not know,heard but do not know,never,0,1,2875,0.389552227928835,5,0,1,1
2011,7,6,6,0,4.44265125649032,2.89037175789616,0,city,1,0,3,1,1,0,Shanxi,Wednesday,1,1,4,1,yes and agree,heard but do not know,heard but do not know,heard but do not know,4,1,60000,0.650982664261043,7,1,0,0
1551,1,3,1,0,4.0943445622221,3.43398720448515,0,county seat,1,1,5,1,0,0,Shanxi,Saturday,1,0,0,1,no,never,never,never,0,0,2667,1.0171111632533,3,0,1,0
1613,1,1,1,0,3.78418963391826,3.52636052461616,0,city,1,1,3,0,1,0,Hebei,Sunday,1,1,1,1,yes and agree,heard but do not know,heard but do not know,heard but do not know,10,1,1625,0.29,1,0,0,0
2690,7,7,7,0,4.85203026391962,3.25809653802148,0,county seat,1,1,3,0,0,0,Hebei,Thursday,1,1,2,1,yes and agree,heard but do not know,heard but do not know,never,10,1,3000,0.446925814010253,7,1,1,1
884,7,7,4,0,4.56434819146784,3.55534806148941,1,city,1,1,5,1,0,1,Guizhou,Sunday,0,0,0,1,yes and agree,familiar,heard but do not know,never,2,0,12800,0.29,7,1,1,0
1533,4,2,2,0,3.91202300542815,3.63758615972639,0,county seat,1,1,5,1,0,0,Shanxi,Saturday,1,1,0,1,no,heard but do not know,never,heard but do not know,0,0,1250,1.90058965173231,4,1,0,0
953,5,5,2,0,3.91202300542815,3.66356164612965,0,city,1,1,4,1,0,0,Beijing,Monday,1,1,0,1,yes and agree,heard and know,never,never,12,0,1698,0.29,5,1,1,0
3112,4,7,1,0,4.07753744390572,3.85014760171006,0,county seat,1,1,1,1,0,0,Guangdong,Wednesday,1,1,5,1,yes and agree,heard and know,heard but do not know,heard but do not know,10,1,7604,0.29,7,0,1,0
193,3,4,3,0,4.66343909411207,3.09104245335832,0,city,0,0,3,1,0,0,Hebei,Sunday,1,1,0,1,yes and agree,heard and know,heard but do not know,never,20,0,3015,5.42277685813814,4,0,1,0
995,5,4,5,0,4.70048036579242,3.46573590279973,0,rural,1,1,4,0,0,0,Hebei,Saturday,1,1,0,1,no,never,never,never,0,0,2000,9.5,5,1,0,1
1040,6,7,5,0,3.55534806148941,3.93182563272433,0,city,1,1,2,0,0,0,Beijing,Tuesday,1,1,0,1,yes but disagree,never,never,never,2,0,3000,0.978987610870783,7,0,1,0
1258,2,1,1,0,5.19295685089021,3.49650756146648,0,rural,1,1,3,0,1,0,Beijing,Thursday,1,1,4,1,no,heard but do not know,never,never,2,1,2133,2.27086826616563,2,1,0,0
3092,5,7,5,1,4.70048036579242,3.58351893845611,1,city,1,1,4,1,1,0,Guangxi,Wednesday,0,0,3,1,yes and agree,heard but do not know,heard but do not know,never,2,1,4128,0.29,7,0,1,0
1268,6,6,6,0,3.87120101090789,4.02535169073515,0,city,1,1,2,0,0,0,Guangdong,Thursday,0,1,7,1,yes but disagree,heard but do not know,heard but do not know,never,3,1,3086,0.29,6,1,1,1
1634,6,4,4,0,4.60517018598809,3.63758615972639,1,city,0,1,4,1,1,0,Guangdong,Sunday,0,0,4,1,yes and agree,never,never,never,0,1,1500,0.29,6,1,0,0
2338,7,7,5,0,3.91202300542815,3.71357206670431,0,county seat,1,1,3,1,0,0,Guangdong,Saturday,0,0,4,1,no,never,never,never,0,1,3750,1.62766381677959,7,1,1,0
1988,4,4,2,0,4.49980967033027,3.85014760171006,0,city,1,1,3,0,0,0,Shanxi,Wednesday,1,0,0,1,yes but disagree,heard but do not know,never,never,1,0,2708,1.19762740832752,4,1,1,0
1213,5,3,3,0,4.18965474202643,3.55534806148941,1,city,1,1,5,1,0,0,Shanxi,Thursday,0,1,0,1,yes but disagree,heard but do not know,heard but do not know,never,6,0,960,0.29,5,1,0,0
2559,4,5,5,0,3.68887945411394,4.04305126783455,0,rural,0,1,4,0,0,0,Jilin,Wednesday,1,1,0,1,no,never,never,never,4,0,909,4.51051264110918,5,0,1,1
1165,6,6,6,0,5.19295685089021,3.58351893845611,0,rural,1,1,4,0,0,0,Hebei,Wednesday,1,0,3,1,no,never,never,never,0,1,3150,1.94283285423945,6,1,1,1
1219,5,5,4,1,4.70048036579242,3.8286413964891,0,rural,1,1,1,0,0,0,Zhejiang,Thursday,0,0,3,1,yes and agree,heard but do not know,never,never,0,1,3600,0.456907118101897,5,1,1,0
2335,7,7,7,0,3.91202300542815,3.43398720448515,0,city,0,0,1,0,0,0,Hebei,Saturday,1,1,0,1,yes and agree,never,never,never,0,0,2200,1.241974008131,7,1,1,1
1155,4,4,3,0,3.68887945411394,4.24849524204936,0,city,1,1,5,0,1,0,Jilin,Monday,1,1,0,1,no,never,never,never,4,0,1467,0.29,4,1,1,0
3298,4,4,4,0,3.80666248977032,3.80666248977032,0,county seat,1,1,6,1,0,0,Guangxi,Thursday,0,1,0,1,no,never,never,never,0,0,2527,1.32587761056342,4,1,1,1
1164,7,4,4,0,4.23410650459726,3.97029191355212,0,city,0,1,5,0,0,0,Beijing,Monday,1,0,2,1,yes and agree,heard and know,heard and know,heard and know,8,1,3889,0.427287261784241,7,1,0,0
1613,4,7,2,0,5.88610403145016,3.43398720448515,0,city,1,1,4,0,0,0,Guangdong,Saturday,1,0,6,1,yes and agree,heard and know,heard but do not know,never,10,1,633,1.0171111632533,7,0,1,0
885,4,5,5,0,4.24849524204936,4.14313472639153,0,city,1,1,5,1,1,0,Hebei,Sunday,0,0,0,1,yes and agree,heard but do not know,heard but do not know,heard but do not know,3,0,2200,0.29,5,0,1,1
1859,6,6,6,0,3.80666248977032,3.43398720448515,0,city,1,1,2,0,0,0,Guangdong,Tuesday,0,0,5,1,no,never,never,never,0,1,1667,0.357396571614206,6,1,1,1
2243,6,5,6,0,4.55387689160054,2.89037175789616,0,county seat,0,0,5,1,1,0,Guizhou,Friday,0,1,0,1,yes and agree,never,never,heard but do not know,6,0,1111,0.789210822936457,6,1,0,1
2269,5,7,6,0,4.56434819146784,3.49650756146648,1,city,0,1,4,1,1,0,Gansu,Friday,1,0,0,1,yes and agree,heard and know,heard and know,heard but do not know,15,0,2917,0.389552227928835,7,0,1,0
1883,2,3,3,0,4.55387689160054,3.2188758248682,1,county seat,1,0,3,1,0,1,Guizhou,Tuesday,1,1,0,1,yes and agree,heard but do not know,never,never,10,0,1711,0.467902055622054,3,0,1,1
2203,4,4,4,0,4.9416424226093,3.3322045101752,1,county seat,1,1,4,1,0,0,Zhejiang,Thursday,1,0,4,1,yes and agree,heard and know,heard and know,heard but do not know,3,1,1696,0.408207026552079,4,1,1,1
1016,6,4,2,0,4.49980967033027,4.02535169073515,0,city,1,1,3,0,1,0,Shanxi,Tuesday,1,1,0,1,no,never,never,heard but do not know,2,0,1200,4.19349705907806,6,1,0,0
2129,7,5,2,1,4.9416424226093,4.07753744390572,0,county seat,1,1,5,1,1,1,Henan,Thursday,1,1,3,1,no,heard but do not know,never,never,2,1,2182,0.29,7,1,0,0
3384,5,5,4,0,4.38202663467388,3.43398720448515,0,county seat,0,1,5,0,0,0,Jilin,Friday,1,1,0,1,no,never,never,never,0,0,1563,3.36961420810059,5,1,1,0
1480,1,3,1,0,4.38202663467388,3.3322045101752,0,city,1,1,4,0,0,0,Gansu,Saturday,0,0,0,1,yes and agree,heard and know,never,never,4,0,615,0.408207026552079,3,0,1,0
1941,7,6,7,0,4.39321382406445,3.8286413964891,0,rural,1,0,1,1,0,0,Shanxi,Tuesday,1,1,0,1,yes and agree,never,never,never,2,0,1650,1.16317501624521,7,1,0,1
2395,3,1,1,0,4.85203026391962,3.71357206670431,0,county seat,0,1,3,1,0,0,Henan,Sunday,1,0,0,1,yes but disagree,never,never,never,0,0,2310,0.753587280600736,3,1,0,0
141,4,4,4,0,4.31748811353631,3.80666248977032,1,city,1,1,4,1,0,0,Henan,Thursday,1,0,3,1,yes and agree,heard and know,heard but do not know,heard but do not know,5,1,563,0.29,4,1,1,1
2911,6,6,6,0,4.70048036579242,4.02535169073515,0,rural,0,1,5,0,0,0,Guangxi,Sunday,0,1,0,0,no,never,never,never,0,0,3273,0.859146630944336,6,1,1,1
992,1,1,1,0,4.24849524204936,3.95124371858143,0,rural,0,1,3,0,0,0,Beijing,Tuesday,0,1,3,1,no,never,never,heard but do not know,0,1,2415,1.04906162482667,1,0,0,0
3091,4,4,4,0,4.55387689160054,3.09104245335832,0,rural,0,0,4,0,0,0,Guangdong,Wednesday,1,1,7,1,yes and agree,heard and know,heard and know,never,12,1,1421,1.81781554844494,4,1,1,1
2624,5,3,3,0,4.49980967033027,3.76120011569356,0,rural,1,1,5,1,0,0,Jilin,Wednesday,1,0,3,1,yes but disagree,heard but do not know,heard but do not know,never,8,1,1018,0.29,5,1,0,0
395,2,2,1,1,5.19295685089021,3.40119738166216,0,rural,0,1,1,1,0,0,Hebei,Thursday,1,0,7,1,yes but disagree,heard but do not know,heard but do not know,never,0,1,7420,0.415207278514148,2,1,1,0
1880,6,6,3,0,4.49980967033027,3.13549421592915,0,county seat,0,0,2,0,0,0,Guizhou,Tuesday,1,1,0,1,yes and agree,never,never,never,30,0,924,0.619061833875582,6,1,1,0
2003,1,1,1,1,4.38202663467388,3.63758615972639,0,county seat,1,1,1,1,0,0,Henan,Wednesday,1,1,0,1,no,heard but do not know,never,never,0,0,3176,1.90058965173231,1,0,0,0
541,4,4,4,0,4.44265125649032,3.80666248977032,0,rural,1,1,2,1,1,0,Hebei,Thursday,0,1,0,1,yes and agree,heard but do not know,never,never,0,0,2885,6.91297905464304,4,1,1,1
1235,7,7,1,1,5.07517381523383,3.91202300542815,0,rural,1,1,1,0,0,0,Zhejiang,Thursday,0,0,3,1,yes and agree,never,never,never,0,1,2167,0.9511964982023,7,1,1,0
2998,2,3,2,0,4.59005654817804,3.66356164612965,0,city,1,1,5,1,0,0,Guangxi,Tuesday,1,1,0,1,yes and agree,heard but do not know,never,never,10,0,876,0.29,3,0,1,0
1236,1,1,1,0,4.31748811353631,4.4188406077966,0,rural,0,0,1,0,1,0,Gansu,Thursday,0,1,0,0,no,never,never,never,0,0,1600,2.3657337233901,1,0,0,0
921,4,4,2,0,4.60517018598809,3.52636052461616,0,city,1,1,2,1,0,0,Shanxi,Sunday,1,0,0,1,yes but disagree,heard but do not know,heard but do not know,never,6,0,1400,0.875675843462376,4,1,1,0
1586,7,7,1,0,4.49980967033027,3.49650756146648,0,city,1,1,5,0,0,0,Gansu,Saturday,1,1,0,1,yes and agree,heard but do not know,heard but do not know,heard but do not know,3,0,625,0.29,7,1,1,0
3401,7,6,7,1,4.40671924726425,3.36729582998647,1,county seat,0,1,3,1,0,0,Jilin,Saturday,0,0,0,1,yes and agree,heard but do not know,heard but do not know,never,6,0,2018,0.46690967267782,7,1,0,1
2491,5,6,5,0,3.98898404656427,3.66356164612965,0,county seat,0,1,4,1,0,0,Guangdong,Monday,0,1,7,1,yes and agree,heard but do not know,heard and know,heard but do not know,0,1,1170,0.831477064267193,6,0,1,0
1309,7,7,7,0,4.27666611901606,3.55534806148941,1,county seat,0,1,3,1,0,0,Jilin,Friday,1,0,0,1,yes and agree,heard but do not know,heard but do not know,never,5,0,1371,0.29,7,1,1,1
2082,4,4,4,0,4.31748811353631,3.73766961828337,0,city,1,1,5,1,0,0,Guangdong,Wednesday,1,0,4,1,no,heard but do not know,heard but do not know,heard but do not know,15,1,2244,0.29,4,1,1,1
2165,1,1,1,0,4.89783979995091,3.61091791264422,0,rural,0,1,3,1,0,0,Guizhou,Thursday,0,0,0,1,no,heard but do not know,heard but do not know,never,0,0,2857,0.849091987038432,1,0,0,0
1836,7,7,4,0,4.60517018598809,3.2188758248682,1,rural,1,1,3,1,1,0,Shanxi,Tuesday,1,0,0,1,yes and agree,heard but do not know,heard but do not know,never,0,0,948,0.435344981151462,7,1,1,0
1839,1,1,1,0,3.91202300542815,3.61091791264422,0,county seat,0,1,1,1,0,0,Guangdong,Tuesday,0,1,3,1,yes but disagree,heard but do not know,never,never,0,1,347,0.918200648896206,1,0,0,0
916,5,5,2,0,4.21950770517611,3.97029191355212,0,city,1,1,5,1,1,0,Hebei,Sunday,1,0,3,1,yes and agree,heard but do not know,heard but do not know,heard but do not know,30,1,1200,0.358311938089575,5,1,1,0
3238,3,7,3,1,4.17438726989564,3.17805383034795,0,city,0,0,3,0,0,0,Jilin,Thursday,1,1,0,1,yes and agree,heard but do not know,never,never,0,0,1786,4.87721004391555,7,0,1,0
2609,7,7,1,0,4.39444915467244,3.25809653802148,0,city,0,0,2,0,0,0,Jilin,Wednesday,1,1,0,1,yes but disagree,familiar,heard and know,heard and know,10,0,2018,0.536869282371849,7,1,1,0
1116,7,6,5,0,5.07517381523383,4.07753744390572,0,city,1,1,5,0,1,0,Guangdong,Wednesday,0,0,5,1,no,never,never,never,1,1,1250,3.57931155550654,7,1,0,0
1110,7,7,7,0,4.17438726989564,3.95124371858143,0,city,1,1,5,0,0,0,Jilin,Monday,1,1,0,1,no,never,never,never,6,0,933,0.374398076209742,7,1,1,1
809,6,6,6,0,4.0943445622221,4.07753744390572,0,city,0,1,4,0,0,0,Hebei,Sunday,1,1,1,1,yes and agree,heard and know,never,never,0,1,2420,0.800800689070237,6,1,1,1
1062,7,7,7,1,4.0943445622221,3.85014760171006,0,city,0,1,5,0,0,1,Shanxi,Tuesday,1,1,0,1,yes and agree,heard but do not know,heard but do not know,heard but do not know,26,0,1200,0.29,7,1,1,1
1398,1,2,1,0,3.68887945411394,3.52636052461616,1,city,0,0,6,1,0,0,Gansu,Friday,1,1,0,1,no,never,never,never,1,0,769,0.372673552734844,2,0,1,0
541,5,7,7,0,4.56434819146784,3.43398720448515,1,county seat,1,1,6,1,0,0,Hebei,Wednesday,1,0,1,1,yes and agree,heard and know,never,never,6,1,6400,0.357396571614206,7,0,1,1
153,4,4,4,0,4.31748811353631,3.46573590279973,0,city,1,1,5,1,0,1,Henan,Thursday,1,0,4,1,yes and agree,heard and know,heard but do not know,never,5,1,625,0.29,4,1,1,1
1194,5,5,5,1,4.15888308335967,3.91202300542815,1,city,1,1,3,1,0,0,Shanxi,Wednesday,1,0,0,1,yes and agree,heard but do not know,heard but do not know,heard but do not know,12,0,2200,0.29,5,1,1,1
141,7,7,7,0,4.24849524204936,3.73766961828337,1,city,0,1,6,1,0,0,Zhejiang,Saturday,0,0,5,1,yes but disagree,heard and know,heard and know,heard and know,5,1,2182,0.29,7,1,1,1
1652,3,3,1,0,4.24849524204936,3.68887945411394,1,city,0,1,3,1,0,0,Guangdong,Sunday,1,0,7,1,yes but disagree,heard but do not know,never,never,0,1,2750,0.29,3,1,1,0
1814,7,5,1,1,4.24849524204936,3.46573590279973,1,city,0,1,3,0,0,0,Gansu,Monday,1,1,2,1,yes and agree,heard but do not know,never,never,10,1,813,0.407362342670444,7,1,0,0
2219,2,2,2,0,4.60517018598809,4.24849524204936,0,county seat,0,1,1,1,1,0,Gansu,Friday,1,1,0,1,yes and agree,never,never,never,0,0,4620,2.47251487230549,2,1,1,1
2828,7,7,7,0,4.78749174278205,3.61091791264422,0,rural,1,1,2,1,0,0,Gansu,Friday,0,1,0,1,yes and agree,heard and know,never,never,2,0,1216,1.84472017101767,7,1,1,1
3363,1,1,7,0,2.99573227355399,3.04452243772342,0,county seat,0,0,4,0,0,0,Guangxi,Friday,1,1,0,1,yes but disagree,never,never,never,18,0,1707,0.681694532917722,7,0,0,1
3035,7,7,7,0,4.76217393479776,3.78418963391826,0,city,1,1,5,1,0,0,Guangxi,Wednesday,0,1,3,1,yes and agree,heard but do not know,heard but do not know,heard and know,5,1,2139,1.39535827887641,7,1,1,1
1813,4,4,2,1,4.06044301054642,4.00733318523247,0,city,1,0,2,0,0,0,Gansu,Tuesday,1,1,0,1,yes and agree,heard but do not know,never,never,10,0,519,0.29,4,1,1,0
1114,5,6,5,0,4.0943445622221,2.99573227355399,0,city,1,0,2,1,0,0,Henan,Monday,1,1,3,1,yes and agree,heard and know,never,never,0,1,2400,0.591478324546551,6,0,1,0
1446,7,7,3,0,4.48863636973214,3.3322045101752,0,city,1,1,5,1,0,0,Guizhou,Saturday,0,0,0,1,yes and agree,never,never,never,10,0,1540,0.408207026552079,7,1,1,0
1482,3,3,4,0,4.60517018598809,3.71357206670431,0,city,1,1,4,1,0,0,Hebei,Saturday,1,0,4,1,no,heard but do not know,heard but do not know,heard but do not know,2,1,2400,0.29,4,0,0,1
2505,7,7,1,0,4.78749174278205,4.02535169073515,0,county seat,1,1,5,1,1,0,Zhejiang,Tuesday,0,0,3,1,yes but disagree,never,never,never,0,1,3600,4.19349705907806,7,1,1,0
1013,7,5,4,0,3.80666248977032,3.8286413964891,0,city,0,0,3,0,0,0,Beijing,Tuesday,1,1,4,1,yes and agree,never,never,never,8,1,2045,8.79898639844967,7,1,0,0
2401,6,6,6,0,4.78749174278205,3.52636052461616,0,rural,0,1,5,1,0,0,Guangdong,Sunday,0,0,7,1,yes and agree,heard but do not know,heard but do not know,heard but do not know,0,1,1781,0.985878927998575,6,1,1,1
3408,7,7,7,1,4.17438726989564,3.46573590279973,1,city,0,1,5,1,0,0,Jilin,Friday,0,0,1,1,yes and agree,heard and know,heard but do not know,never,1,1,1875,0.407362342670444,7,1,1,1
2394,6,4,4,0,4.21950770517611,3.68887945411394,1,county seat,0,1,3,1,0,0,Guangdong,Sunday,1,1,4,1,yes and agree,heard and know,heard but do not know,never,2,1,4696,0.29,6,1,0,0
2835,2,3,1,0,4.49980967033027,3.93182563272433,0,city,0,1,6,0,0,0,Guangxi,Friday,1,1,2,1,yes but disagree,heard but do not know,never,never,5,1,3770,6.74226317768113,3,0,1,0
1692,7,4,7,0,5.7037824746562,3.2188758248682,0,rural,1,0,4,0,0,0,Guizhou,Sunday,1,1,0,1,yes and agree,never,never,never,0,0,1203,0.435344981151462,7,1,0,1
3083,1,1,1,0,3.68887945411394,3.36729582998647,0,county seat,0,0,3,0,0,0,Guangxi,Wednesday,0,1,0,1,yes but disagree,never,never,heard but do not know,14,0,1067,0.46690967267782,1,0,0,0
1098,2,1,2,0,3.91202300542815,3.76120011569356,0,city,0,1,3,1,0,0,Beijing,Wednesday,0,1,0,1,yes but disagree,heard but do not know,heard but do not know,never,2,0,2100,0.29,2,1,0,1
3352,1,1,1,0,4.59511985013459,3.40119738166216,0,county seat,1,0,2,0,1,0,Guangdong,Friday,1,0,6,1,yes and agree,heard but do not know,never,heard but do not know,0,1,4859,0.373432195785504,1,0,0,0
2668,1,1,1,0,3.55534806148941,3.95124371858143,0,city,1,1,5,0,0,0,Guangdong,Thursday,1,1,1,1,yes and agree,heard but do not know,heard but do not know,heard but do not know,2,1,4530,0.374398076209742,1,0,0,0
1143,5,3,2,0,3.68887945411394,3.87120101090789,0,city,0,1,5,0,0,0,Jilin,Wednesday,1,0,0,1,yes and agree,heard but do not know,never,never,2,0,1371,1.39207115854934,5,1,0,0
2938,2,2,2,0,4.38202663467388,3.95124371858143,0,rural,1,1,5,1,0,0,Guangxi,Monday,0,1,0,1,no,never,never,never,2,0,5976,0.29,2,1,1,1
3216,7,7,7,0,4.49980967033027,3.98898404656427,0,rural,0,1,3,1,0,0,Guangxi,Thursday,0,1,0,1,no,never,never,never,0,0,5336,5.28752536374509,7,1,1,1
2936,1,1,1,0,4.60517018598809,3.3322045101752,0,county seat,1,1,4,1,0,0,Guangxi,Monday,0,1,2,1,yes and agree,heard but do not know,never,never,0,1,3000,0.408207026552079,1,0,0,0
2118,1,1,1,0,4.69134788222914,3.43398720448515,0,city,0,1,3,1,0,0,Jilin,Thursday,1,1,3,1,no,never,never,never,8,1,1818,1.241974008131,1,0,0,0
2119,6,6,7,0,4.55387689160054,3.97029191355212,0,rural,1,1,4,0,0,0,Shanxi,Thursday,0,1,0,1,yes but disagree,heard but do not know,never,never,0,0,875,0.29,7,0,0,1
1122,5,5,4,0,4.24849524204936,3.58351893845611,0,county seat,1,1,4,0,0,0,Beijing,Wednesday,1,1,0,1,yes but disagree,heard but do not know,heard but do not know,heard but do not know,2,0,2200,0.29,5,1,1,0
2184,1,1,1,1,5.13579843705026,3.55534806148941,0,rural,1,1,4,0,0,0,Gansu,Thursday,0,1,0,1,yes and agree,heard but do not know,never,never,1,0,2040,0.771150608337752,1,0,0,0
2851,1,1,1,0,4.23410650459726,3.52636052461616,0,county seat,1,1,4,0,0,0,Gansu,Friday,1,1,0,1,yes and agree,heard and know,heard but do not know,never,14,0,1607,0.875675843462376,1,0,0,0
2224,4,5,1,0,4.44265125649032,3.43398720448515,0,county seat,1,1,2,1,0,0,Jilin,Friday,1,1,0,1,no,never,never,never,0,0,1452,0.357396571614206,5,0,1,0
933,4,4,3,0,3.76120011569356,3.97029191355212,0,city,1,1,5,0,0,0,Jilin,Monday,1,1,0,1,yes but disagree,heard but do not know,never,never,2,0,583,0.886072170525715,4,1,1,0
3311,5,6,6,0,4.70048036579242,4.02535169073515,0,city,1,0,4,0,1,0,Guangxi,Thursday,0,1,0,1,no,heard but do not know,never,heard but do not know,0,0,1067,0.29,6,0,1,1
2312,5,3,4,0,4.46590811865458,2.89037175789616,0,city,0,0,1,1,1,0,Guangdong,Saturday,1,1,3,1,yes and agree,heard and know,never,never,2,1,1143,2.4292807345692,5,1,0,0
160,7,7,3,0,4.9416424226093,3.52636052461616,0,county seat,0,1,3,1,0,0,Hebei,Saturday,1,0,0,1,yes but disagree,heard but do not know,never,never,2,0,2708,0.372673552734844,7,1,1,0
2393,4,4,4,0,4.46590811865458,3.87120101090789,1,county seat,0,1,4,0,0,1,Gansu,Sunday,1,0,4,1,yes and agree,never,heard and know,heard and know,1,1,3115,0.29,4,1,1,1
3325,5,4,1,0,4.55387689160054,3.17805383034795,1,county seat,1,0,4,0,0,0,Guangdong,Thursday,1,0,3,1,yes and agree,heard but do not know,heard but do not know,heard but do not know,15,1,1768,0.490035858521876,5,1,0,0
2520,4,4,5,0,4.38202663467388,4.07753744390572,0,county seat,1,1,4,1,1,0,Zhejiang,Tuesday,0,0,3,1,yes and agree,heard and know,never,never,10,1,2800,7.41081346990747,5,0,0,1
3126,7,7,7,0,4.38202663467388,3.46573590279973,1,county seat,1,1,5,0,0,0,Guangdong,Wednesday,1,1,5,1,yes and agree,heard but do not know,heard but do not know,heard but do not know,20,1,10202,0.29,7,1,1,1
2158,7,7,7,0,5.42053499927229,3.25809653802148,0,rural,0,1,4,1,0,0,Guizhou,Thursday,0,1,0,1,no,never,never,never,20,0,4054,4.03652037294191,7,1,1,1
2306,2,2,2,0,4.17438726989564,3.40119738166216,0,county seat,0,1,3,1,0,0,Jilin,Saturday,1,1,0,1,yes and agree,heard but do not know,never,never,10,0,2200,0.445985331052855,2,1,1,1
1535,7,2,7,0,4.54329478227,3.36729582998647,0,city,1,1,4,1,0,0,Guizhou,Saturday,0,1,0,1,yes and agree,never,never,never,20,0,4000,0.390352736240351,7,1,0,1
2288,2,2,2,0,4.64439089914137,3.80666248977032,1,county seat,1,1,5,1,0,0,Gansu,Saturday,0,0,0,1,yes and agree,heard but do not know,never,heard but do not know,0,0,2718,0.29,2,1,1,1
111,4,4,4,0,4.55387689160054,3.52636052461616,1,county seat,1,1,5,1,1,0,Hebei,Saturday,1,0,0,1,yes and agree,heard and know,heard but do not know,heard but do not know,5,0,2400,0.29,4,1,1,1
3066,6,6,6,0,4.35670882668959,3.8286413964891,0,city,0,0,4,0,0,0,Guangxi,Wednesday,0,1,0,1,no,never,never,never,0,0,1740,0.591828845854288,6,1,1,1
2565,5,1,1,0,5.29831736654804,4.04305126783455,0,rural,0,1,1,1,0,0,Henan,Wednesday,1,1,0,1,no,never,never,never,0,0,334,4.51051264110918,5,1,0,0
3131,7,7,7,0,4.55387689160054,3.40119738166216,1,city,1,0,3,1,1,0,Guangdong,Wednesday,1,0,6,1,yes and agree,heard but do not know,heard but do not know,heard but do not know,5,1,893,0.373432195785504,7,1,1,1
3311,4,7,7,0,4.48863636973214,3.25809653802148,1,county seat,0,1,4,0,0,0,Guangdong,Thursday,0,1,5,1,yes and agree,heard but do not know,heard but do not know,heard but do not know,6,1,1500,0.536869282371849,7,0,1,1
1898,7,5,5,0,4.49980967033027,3.17805383034795,0,county seat,0,0,3,1,0,0,Guizhou,Tuesday,1,1,0,1,yes but disagree,never,never,never,35,0,1304,0.590180185840672,7,1,0,0
3251,5,5,4,0,4.44265125649032,3.66356164612965,0,county seat,1,1,4,1,0,0,Guangxi,Thursday,0,0,1,1,yes and agree,heard and know,heard but do not know,heard but do not know,1,1,1773,0.29,5,1,1,0
2154,2,4,3,0,4.49980967033027,2.99573227355399,0,rural,1,0,3,1,1,0,Beijing,Thursday,1,1,2,1,yes and agree,heard but do not know,heard but do not know,heard but do not know,3,1,9465,4.49770414000768,4,0,1,0
3020,2,2,2,0,4.68213122712422,3.46573590279973,0,city,0,1,5,1,0,0,Guangxi,Wednesday,0,1,0,1,yes and agree,heard but do not know,never,never,6,0,864,0.407362342670444,2,1,1,1
3063,4,4,4,0,3.68887945411394,3.63758615972639,0,county seat,1,1,3,1,0,0,Guangxi,Wednesday,0,1,0,1,yes and agree,heard but do not know,never,never,20,0,1588,0.719284534475195,4,1,1,1
2341,7,7,5,0,3.91202300542815,3.3322045101752,0,city,1,0,4,1,0,0,Guangdong,Saturday,0,1,1,1,yes and agree,heard and know,heard but do not know,heard but do not know,12,1,1901,0.408207026552079,7,1,1,0
1191,6,6,6,0,4.49980967033027,4.0943445622221,0,rural,1,1,4,0,1,0,Guangdong,Monday,0,1,1,1,no,never,never,never,9,1,4154,0.29,6,1,1,1
1250,7,7,7,0,4.15888308335967,4.11087386417331,0,city,1,1,4,0,1,0,Shanxi,Thursday,0,1,1,1,yes and agree,heard but do not know,heard but do not know,heard but do not know,4,1,856,0.599895843933836,7,1,1,1
1631,6,6,6,0,4.56434819146784,3.8286413964891,0,rural,1,1,4,1,0,0,Guangdong,Sunday,1,1,7,1,yes and agree,heard but do not know,heard and know,heard but do not know,0,1,756,0.29,6,1,1,1
1504,2,2,1,0,4.38202663467388,3.43398720448515,0,county seat,1,1,5,1,0,0,Shanxi,Saturday,1,1,0,1,no,never,never,never,0,0,1400,2.73763469141016,2,1,1,0
2403,2,2,1,0,4.11087386417331,3.91202300542815,0,county seat,1,1,4,0,0,0,Guangdong,Sunday,0,1,7,1,no,heard but do not know,never,never,16,1,4125,0.409282451450826,2,1,1,0
911,4,2,2,0,4.38202663467388,2.99573227355399,0,rural,0,0,5,1,1,0,Shanxi,Sunday,1,0,5,0,yes and agree,heard and know,heard but do not know,heard but do not know,0,1,800,0.662961022218672,4,1,0,0
2310,5,2,1,0,4.60517018598809,2.94443897916644,0,city,0,0,3,1,0,0,Henan,Saturday,0,1,0,1,yes but disagree,heard but do not know,never,heard but do not know,2,0,760,2.30572763166636,5,1,0,0
584,7,7,7,0,3.80666248977032,3.2188758248682,1,city,1,0,3,0,0,1,Guizhou,Thursday,0,1,0,1,yes and agree,heard and know,heard and know,heard and know,10,0,2267,0.467902055622054,7,1,1,1
1691,1,3,1,0,4.31748811353631,3.71357206670431,0,city,0,1,3,0,0,0,Guangdong,Sunday,0,0,3,1,yes and agree,never,never,never,0,1,985,0.753587280600736,3,0,1,0
1136,4,4,2,0,4.60517018598809,4.11087386417331,0,rural,1,1,3,0,1,0,Hebei,Wednesday,1,1,3,1,yes and agree,heard and know,heard but do not know,never,6,1,1875,2.96544933178523,4,1,1,0
2320,7,7,6,0,5.04342511691925,2.94443897916644,1,rural,0,0,4,0,0,0,Jilin,Saturday,1,0,0,1,yes and agree,heard but do not know,heard but do not know,heard and know,0,0,1961,0.695859036972658,7,1,1,0
2399,4,4,4,0,4.55387689160054,3.71357206670431,0,county seat,1,1,4,1,0,0,Guangdong,Sunday,0,0,3,1,no,never,never,never,0,1,2232,1.62766381677959,4,1,1,1
1451,7,7,7,0,4.29045944114839,3.29583686600433,0,city,1,1,4,1,0,0,Guangxi,Saturday,1,0,3,1,yes and agree,heard and know,heard but do not know,heard but do not know,0,1,1194,0.427046595145418,7,1,1,1
1301,7,7,7,0,4.29728540621879,3.29583686600433,0,city,1,1,4,1,0,0,Guangxi,Friday,0,0,3,1,yes and agree,familiar,heard but do not know,never,0,1,7306,0.427046595145418,7,1,1,1
2963,7,7,4,0,5.29831736654804,3.78418963391826,0,rural,0,1,3,1,1,0,Zhejiang,Monday,1,0,3,1,yes and agree,heard and know,heard but do not know,never,0,1,3850,0.603923186948272,7,1,1,0
2942,4,4,4,0,4.78749174278205,3.95124371858143,0,rural,0,1,5,0,0,1,Guangxi,Monday,0,1,0,1,no,never,never,never,2,0,2740,1.04906162482667,4,1,1,1
2019,6,1,1,0,4.24849524204936,3.2188758248682,1,city,1,0,4,0,1,0,Henan,Wednesday,1,1,5,1,yes but disagree,heard but do not know,heard and know,heard but do not know,4,1,1100,0.467902055622054,6,1,0,0
984,5,5,3,0,3.68887945411394,3.78418963391826,0,city,0,1,4,1,0,0,Beijing,Monday,1,1,4,1,yes but disagree,heard but do not know,heard but do not know,heard but do not know,6,1,2400,0.29,5,1,1,0
1561,7,7,7,0,4.60517018598809,2.99573227355399,0,county seat,0,0,3,1,1,0,Shanxi,Saturday,1,0,0,1,yes and agree,never,never,never,0,0,1200,2.18863615172015,7,1,1,1
1545,2,2,2,0,5.7037824746562,3.2188758248682,1,rural,1,0,4,0,1,0,Guizhou,Saturday,0,0,0,1,yes but disagree,heard and know,heard but do not know,never,2,0,1625,0.435344981151462,2,1,1,1
143,6,6,4,0,4.33073334028633,3.63758615972639,1,city,0,1,1,1,0,0,Zhejiang,Saturday,1,1,2,1,yes and agree,heard but do not know,heard but do not know,heard but do not know,0,1,1796,0.29,6,1,1,0
1890,4,2,3,0,4.54329478227,3.80666248977032,0,city,1,1,5,1,1,0,Shanxi,Tuesday,1,0,1,1,yes and agree,heard but do not know,never,never,5,1,2400,0.514797868135961,4,1,0,0
1001,4,5,2,0,4.24849524204936,3.91202300542815,0,city,1,1,3,0,0,0,Shanxi,Tuesday,1,1,0,1,no,never,never,never,3,0,2000,0.409282451450826,5,0,1,0
1411,2,2,7,0,4.78749174278205,3.29583686600433,1,city,1,1,5,0,0,0,Gansu,Saturday,0,0,0,1,no,heard but do not know,never,never,0,0,1440,0.427046595145418,7,0,0,1
2582,2,4,2,0,4.49980967033027,4.21950770517611,0,rural,1,1,5,0,1,0,Jilin,Wednesday,1,1,0,1,no,never,never,never,4,0,432,0.40311614549737,4,0,1,0
3441,2,2,2,1,4.23410650459726,3.97029191355212,0,city,1,1,6,0,0,0,Jilin,Sunday,1,1,0,1,no,heard but do not know,never,never,20,0,1000,0.886072170525715,2,1,1,1
1135,5,5,7,0,4.86753445045558,3.55534806148941,0,rural,0,1,5,1,0,0,Guangdong,Monday,0,0,4,1,yes and agree,heard and know,never,never,0,1,4667,0.29,7,0,0,1
2302,5,4,5,0,4.70048036579242,2.94443897916644,1,city,0,0,4,0,1,0,Jilin,Saturday,1,0,0,1,yes and agree,heard and know,heard but do not know,heard and know,2,0,1776,0.751430664156505,5,1,0,1
1334,5,5,4,0,4.24849524204936,3.8286413964891,0,county seat,1,1,4,1,0,0,Beijing,Friday,1,1,2,1,no,heard but do not know,heard but do not know,never,0,1,1418,0.29,5,1,1,0
2834,7,1,1,0,4.38202663467388,3.66356164612965,0,city,0,1,4,1,0,0,Guangxi,Friday,0,1,2,1,yes but disagree,heard but do not know,heard but do not know,never,14,1,2400,2.21590799964696,7,1,0,0
803,1,4,1,0,3.93182563272433,3.73766961828337,0,county seat,1,1,6,1,0,0,Beijing,Sunday,1,0,4,1,no,heard but do not know,never,never,6,1,2800,1.54603395300811,4,0,1,0
1134,6,3,2,1,4.24849524204936,3.97029191355212,0,city,1,1,3,0,0,0,Beijing,Wednesday,0,1,0,1,no,never,never,never,16,0,2800,0.358311938089575,6,1,0,0
2168,4,4,4,1,5.24702407216049,3.52636052461616,0,rural,1,1,3,0,1,0,Gansu,Thursday,1,1,0,1,no,never,never,never,0,0,2450,0.81001900038697,4,1,1,1
1002,7,7,5,0,4.44265125649032,3.85014760171006,0,rural,1,1,3,1,0,0,Hebei,Tuesday,1,1,0,1,yes but disagree,never,heard but do not know,never,2,0,1625,1.10583714859619,7,1,1,0
2910,7,7,7,0,4.0943445622221,3.73766961828337,0,city,0,1,3,1,1,0,Guangxi,Tuesday,0,1,1,1,yes and agree,heard and know,heard and know,heard but do not know,0,1,2025,1.8960524742174,7,1,1,1
1834,7,7,4,0,5.29831736654804,2.99573227355399,0,rural,0,0,2,1,1,0,Guangxi,Tuesday,1,1,0,0,yes and agree,heard and know,heard and know,never,2,0,1418,2.0164038403666,7,1,1,0
2648,7,7,2,0,3.8286413964891,3.87120101090789,1,city,1,0,4,0,1,0,Guangdong,Wednesday,1,1,5,1,yes and agree,heard but do not know,never,never,14,1,1718,0.29,7,1,1,0
985,4,1,2,0,3.91202300542815,4.07753744390572,0,city,0,1,5,1,0,0,Beijing,Monday,1,1,0,1,yes and agree,heard but do not know,heard but do not know,never,6,0,1320,0.29,4,1,0,0
1580,1,7,7,0,3.91202300542815,3.09104245335832,0,rural,0,0,3,0,0,0,Jilin,Saturday,1,1,0,1,no,never,never,never,1,0,1200,1.81781554844494,7,0,1,1
1154,2,2,2,0,4.57471097850338,3.73766961828337,0,city,1,1,6,1,0,0,Guangdong,Monday,0,0,5,1,no,heard but do not know,never,heard and know,0,1,3636,0.593131073837361,2,1,1,1
140,6,2,1,1,4.0943445622221,4.18965474202643,0,county seat,1,1,3,0,1,0,Shanxi,Saturday,1,1,0,1,no,heard but do not know,never,never,2,0,800,2.47848188648665,6,1,0,0
1685,4,1,1,0,5.29831736654804,4.06044301054642,0,rural,0,1,2,0,1,0,Shanxi,Sunday,1,1,0,1,yes but disagree,never,never,never,0,0,2000,0.778438381622986,4,1,0,0
2144,2,2,2,0,5.52146091786225,3.55534806148941,0,rural,0,1,3,1,1,0,Guizhou,Thursday,0,0,0,1,yes and agree,heard but do not know,heard but do not know,never,0,0,3057,0.937813352562541,2,1,1,1
1682,2,2,2,0,4.60517018598809,3.55534806148941,0,city,0,1,3,1,0,0,Guangdong,Sunday,0,0,4,1,yes and agree,heard and know,never,never,0,1,1333,0.29,2,1,1,1
3268,1,1,4,0,4.24849524204936,4.04305126783455,0,county seat,1,0,5,0,0,0,Guangxi,Thursday,1,1,2,1,no,never,never,never,14,1,1786,0.727670759038803,4,0,0,1
1602,7,7,7,0,4.38202663467388,3.73766961828337,0,city,1,1,4,0,0,0,Guizhou,Saturday,0,1,0,1,no,never,never,never,23,0,2500,1.54603395300811,7,1,1,1
1889,4,4,4,0,4.0943445622221,3.40119738166216,1,city,0,1,3,1,0,0,Gansu,Tuesday,1,0,0,1,yes and agree,heard but do not know,heard but do not know,never,0,0,2310,0.445985331052855,4,1,1,1
2418,7,6,4,0,4.55387689160054,3.29583686600433,1,city,1,0,4,0,0,0,Shanxi,Monday,1,1,0,1,yes and agree,never,never,never,40,0,1440,0.427046595145418,7,1,0,0
1314,4,4,7,0,4.33073334028633,3.71357206670431,0,city,0,0,6,0,1,0,Guangdong,Friday,1,1,7,1,yes and agree,heard but do not know,never,heard but do not know,30,1,3712,0.29,7,0,0,1
141,2,2,1,0,4.85203026391962,3.43398720448515,1,city,1,1,6,1,0,1,Henan,Thursday,1,0,0,1,yes and agree,familiar,familiar,familiar,2,0,2160,0.357396571614206,2,1,1,0
2142,7,7,7,0,5.31320597904179,3.55534806148941,0,rural,0,1,4,1,0,0,Guizhou,Thursday,0,0,0,1,no,never,never,never,15,0,4036,0.29,7,1,1,1
946,5,1,1,0,2.83321334405622,4.00733318523247,0,city,1,1,4,0,0,0,Beijing,Monday,1,1,7,1,no,heard but do not know,never,never,2,1,2420,0.29,5,1,0,0
3260,4,4,4,0,4.58496747867057,3.49650756146648,0,county seat,1,1,4,1,0,1,Jilin,Thursday,1,1,0,1,no,never,never,never,5,0,1059,0.29,4,1,1,1
3011,1,1,1,1,4.70048036579242,3.76120011569356,0,county seat,1,1,4,1,0,0,Guangxi,Wednesday,0,1,1,1,yes and agree,never,never,never,0,1,1200,1.468673196117,1,0,0,0
2530,4,3,5,0,4.78749174278205,3.63758615972639,0,county seat,1,1,5,1,0,0,Henan,Tuesday,1,1,4,1,yes but disagree,heard but do not know,heard but do not know,never,15,1,3833,0.719284534475195,5,0,0,1
556,7,6,5,0,4.60517018598809,3.43398720448515,0,rural,0,1,4,1,0,0,Hebei,Thursday,0,0,0,0,no,heard but do not know,never,never,2,0,3033,1.14658405112713,7,1,0,0
2011,1,1,1,1,4.78749174278205,3.68887945411394,0,county seat,1,1,1,1,0,0,Henan,Wednesday,1,0,0,1,yes and agree,heard but do not know,never,never,0,0,4746,0.652822858651694,1,0,0,0
1901,2,2,2,0,4.58496747867057,3.17805383034795,0,county seat,0,0,4,0,0,0,Guizhou,Tuesday,1,0,0,1,yes and agree,heard but do not know,heard but do not know,never,20,0,1486,0.590180185840672,2,1,1,1
2348,5,7,4,0,4.38202663467388,3.46573590279973,1,county seat,1,1,4,0,0,0,Guangdong,Saturday,0,1,6,1,yes and agree,heard and know,heard but do not know,heard but do not know,2,1,3846,0.29,7,0,1,0
168,6,6,6,0,5.99146454710798,3.36729582998647,1,rural,1,1,5,1,1,0,Guizhou,Saturday,0,0,0,1,yes and agree,heard but do not know,heard but do not know,heard but do not know,0,0,3200,0.364090486507244,6,1,1,1
2812,2,2,2,0,4.29045944114839,4.02535169073515,0,city,1,1,2,1,0,0,Gansu,Friday,0,1,0,1,no,never,never,never,14,0,1559,4.19349705907806,2,1,1,1
2133,1,1,1,1,4.24849524204936,3.52636052461616,0,rural,1,1,5,0,1,0,Gansu,Thursday,1,1,0,1,yes but disagree,never,never,never,0,0,1333,0.81001900038697,1,0,0,0
1691,4,4,3,0,4.60517018598809,3.98898404656427,0,rural,1,1,3,0,0,0,Shanxi,Sunday,1,1,0,1,no,heard but do not know,never,never,2,0,1111,0.780203469208694,4,1,1,0
126,7,7,2,0,4.60517018598809,3.68887945411394,1,city,1,1,6,1,0,0,Zhejiang,Saturday,0,0,2,1,yes and agree,heard but do not know,heard but do not know,never,0,1,3240,0.29,7,1,1,0
1186,1,2,2,0,5.56068163101553,3.2188758248682,1,rural,1,0,3,0,0,0,Shanxi,Wednesday,1,1,0,1,yes and agree,heard but do not know,never,never,1,0,1100,0.435344981151462,2,0,1,1
2918,3,2,2,0,4.78749174278205,3.43398720448515,1,city,0,0,4,0,0,0,Guangxi,Tuesday,1,1,4,1,yes and agree,heard but do not know,never,never,20,1,891,0.426155297891374,3,1,0,0
1182,7,7,1,0,3.98898404656427,3.87120101090789,1,city,0,1,5,0,0,1,Jilin,Monday,1,0,1,1,yes but disagree,heard and know,heard and know,heard and know,0,1,2667,0.29,7,1,1,0
999,2,2,3,0,3.68887945411394,4.04305126783455,0,city,0,0,2,0,0,0,Beijing,Tuesday,1,1,4,1,yes and agree,heard but do not know,heard and know,heard but do not know,3,1,1600,0.357590705991264,3,0,0,1
1903,2,1,2,0,4.49980967033027,3.04452243772342,0,county seat,0,0,4,0,1,0,Guizhou,Tuesday,1,1,0,1,yes but disagree,heard but do not know,never,never,12,0,1254,0.681694532917722,2,1,0,1
3086,3,3,4,0,4.70048036579242,3.8286413964891,0,rural,0,1,5,1,0,0,Guangxi,Wednesday,0,0,0,0,no,never,never,never,0,0,2364,1.42260003288578,4,0,0,1
2838,3,1,1,0,4.38202663467388,3.71357206670431,0,county seat,1,1,3,1,0,0,Gansu,Friday,1,1,0,1,yes and agree,heard but do not know,never,never,10,0,1607,0.29,3,1,0,0
2940,2,2,1,0,4.70048036579242,3.49650756146648,1,county seat,1,1,5,1,0,0,Guangxi,Monday,1,1,0,1,yes and agree,heard and know,heard and know,heard but do not know,0,0,3918,0.29,2,1,1,0
2331,4,4,4,0,4.46590811865458,3.80666248977032,1,county seat,0,1,3,1,1,1,Gansu,Saturday,0,0,0,1,yes and agree,heard and know,heard and know,never,0,0,2718,0.29,4,1,1,1
2922,1,1,1,0,4.70048036579242,3.66356164612965,0,county seat,1,1,4,1,0,0,Guangxi,Sunday,1,0,2,1,no,heard but do not know,never,never,0,1,3009,1.80468621814222,1,0,0,0
1511,4,4,4,0,4.44265125649032,4.18965474202643,0,county seat,1,1,4,0,1,0,Shanxi,Saturday,1,1,0,1,no,never,never,never,0,0,1000,5.10917698840774,4,1,1,1
2261,1,1,1,0,3.87120101090789,3.95124371858143,0,city,0,1,6,0,0,0,Jilin,Friday,1,1,0,1,yes and agree,never,never,never,4,0,1864,0.447179761692914,1,0,0,0
1222,7,7,4,0,3.68887945411394,4.02535169073515,0,county seat,1,0,2,0,0,0,Beijing,Thursday,1,1,1,1,no,never,never,never,0,1,2600,0.764139741732958,7,1,1,0
3339,4,2,4,0,4.49980967033027,3.36729582998647,0,county seat,1,1,2,1,0,0,Guangdong,Friday,1,0,5,1,yes and agree,heard but do not know,never,heard but do not know,0,1,4725,0.390352736240351,4,1,0,1
1483,6,2,2,0,4.44265125649032,4.06044301054642,0,city,0,1,5,0,1,0,Gansu,Saturday,1,1,0,1,yes and agree,heard but do not know,heard but do not know,never,2,0,880,0.29,6,1,0,0
2534,4,3,4,0,4.24849524204936,3.49650756146648,0,county seat,1,1,4,1,0,0,Zhejiang,Tuesday,0,0,2,1,yes and agree,heard and know,never,never,6,1,3600,0.92031239779923,4,1,0,1
2208,2,2,1,0,3.68887945411394,3.43398720448515,1,county seat,1,0,4,0,0,0,Guangdong,Thursday,1,1,3,1,yes but disagree,never,never,never,10,1,2321,0.357396571614206,2,1,1,0
1812,1,1,1,0,4.38202663467388,3.58351893845611,0,city,0,1,4,1,1,0,Gansu,Tuesday,1,1,0,1,no,never,never,never,16,0,2308,0.965183909066345,1,0,0,0
3104,2,2,2,0,4.0943445622221,3.71357206670431,0,city,0,1,6,1,0,0,Guangxi,Wednesday,0,0,3,1,yes and agree,heard but do not know,never,never,20,1,1182,0.29,2,1,1,1
1933,7,7,6,1,4.24849524204936,3.66356164612965,1,city,0,1,4,1,1,0,Gansu,Tuesday,1,1,2,1,yes and agree,heard and know,heard and know,heard but do not know,14,1,1200,0.29,7,1,1,0
3445,7,7,7,1,4.38202663467388,4.14313472639153,0,county seat,0,1,1,1,1,0,Shanxi,Sunday,1,1,0,1,no,never,never,never,2,0,3390,0.658886294294631,7,1,1,1
2620,7,7,1,0,3.97029191355212,3.58351893845611,1,city,1,1,2,1,0,0,Guangdong,Wednesday,0,1,7,1,yes and agree,heard but do not know,never,never,4,1,4167,0.29,7,1,1,0
2425,1,1,1,0,4.64439089914137,3.73766961828337,1,county seat,1,1,4,1,1,0,Gansu,Sunday,1,0,0,1,yes and agree,heard and know,never,never,0,0,3627,0.29,1,0,0,0
2261,1,1,1,0,5.04985600724954,3.25809653802148,1,county seat,1,0,4,0,1,1,Guizhou,Friday,0,0,0,1,yes and agree,heard but do not know,heard but do not know,heard but do not know,0,0,1747,0.446925814010253,1,0,0,0
1680,6,6,6,0,4.58496747867057,3.58351893845611,0,rural,1,1,4,1,0,0,Guangdong,Sunday,0,1,7,1,yes but disagree,never,never,heard but do not know,0,1,2625,0.29,6,1,1,1
1063,7,7,7,0,4.44265125649032,4.24849524204936,0,county seat,1,1,4,0,1,0,Hebei,Tuesday,1,1,2,1,yes and agree,heard but do not know,never,never,0,1,1650,0.395543471407058,7,1,1,1
1509,7,7,7,0,4.78749174278205,3.52636052461616,1,rural,0,1,4,1,0,0,Hebei,Saturday,1,1,0,1,yes and agree,heard but do not know,heard but do not know,never,2,0,2250,0.29,7,1,1,1
2029,4,3,4,1,3.68887945411394,3.73766961828337,0,rural,0,1,4,0,0,0,Henan,Wednesday,1,0,2,1,yes but disagree,heard but do not know,never,never,0,1,3929,1.74756973262942,4,1,0,1
3026,6,7,5,0,4.55387689160054,3.66356164612965,1,city,1,1,4,0,0,0,Guangxi,Wednesday,0,1,4,1,yes and agree,heard but do not know,never,never,10,1,2407,0.29,7,0,1,0
3165,7,7,7,1,4.64439089914137,3.49650756146648,0,county seat,1,1,4,1,1,0,Guangdong,Wednesday,1,1,7,1,yes and agree,heard and know,heard and know,heard and know,20,1,4971,0.29,7,1,1,1
1229,2,2,3,1,4.60517018598809,3.71357206670431,0,rural,0,1,4,1,0,0,Zhejiang,Thursday,0,0,2,1,yes but disagree,heard but do not know,never,never,0,1,2133,0.697840596786466,3,0,0,1
119,2,5,3,0,4.38202663467388,3.2188758248682,0,city,0,0,6,0,0,0,Shanxi,Saturday,1,1,0,1,no,heard but do not know,heard but do not know,never,1,0,1400,0.562809000235141,5,0,1,0
1916,7,6,6,0,4.36944785246702,3.58351893845611,0,city,1,1,4,1,0,0,Guangxi,Wednesday,1,1,0,1,yes and agree,heard and know,heard and know,heard but do not know,1,0,3959,0.29,7,1,0,0
1382,7,7,2,0,4.0943445622221,3.55534806148941,0,city,0,0,6,0,0,0,Gansu,Friday,0,1,0,1,yes and agree,never,never,never,1,0,1104,0.29,7,1,1,0
2169,7,7,7,0,5.23644196282995,3.25809653802148,0,rural,0,1,3,0,1,0,Guizhou,Thursday,0,0,0,1,yes but disagree,never,never,never,5,0,3161,4.03652037294191,7,1,1,1
2223,7,7,7,0,4.60517018598809,3.71357206670431,0,rural,1,1,4,1,0,0,Shanxi,Friday,0,0,0,1,yes and agree,heard but do not know,heard but do not know,heard but do not know,0,0,2182,0.577095818230253,7,1,1,1
1391,7,7,1,0,4.35670882668959,3.55534806148941,0,county seat,1,1,4,1,0,0,Shanxi,Friday,1,1,0,1,yes and agree,never,never,never,2,0,509,0.833373707099913,7,1,1,0
2128,3,4,3,0,3.91202300542815,4.14313472639153,0,city,1,1,6,0,1,0,Jilin,Thursday,1,1,0,1,no,never,never,never,2,0,1440,0.54559528822471,4,0,1,0
3431,7,1,2,0,4.81218435537242,3.66356164612965,0,county seat,0,1,4,1,1,0,Guangxi,Saturday,0,1,0,1,yes and agree,heard but do not know,never,never,0,0,1200,0.29,7,1,0,0
993,2,2,2,0,3.80666248977032,3.78418963391826,0,city,1,1,3,1,0,0,Beijing,Tuesday,1,0,5,1,yes and agree,heard and know,heard but do not know,never,6,1,2244,0.29,2,1,1,1
2299,5,5,2,0,4.06044301054642,4.02535169073515,0,rural,1,1,5,0,0,0,Jilin,Saturday,1,1,0,1,yes and agree,heard but do not know,heard but do not know,never,8,0,1800,0.707536494715993,5,1,1,0
2053,5,5,5,1,4.49980967033027,3.58351893845611,1,city,0,1,5,1,0,0,Zhejiang,Wednesday,1,0,2,1,yes and agree,heard but do not know,heard but do not know,heard and know,3,1,1909,0.29,5,1,1,1
1900,3,3,7,0,3.91202300542815,3.55534806148941,0,city,0,1,3,1,0,0,Gansu,Tuesday,1,1,0,1,no,never,never,never,12,0,2667,0.29,7,0,0,1
2135,1,1,1,1,5.18738580584075,3.52636052461616,0,rural,1,1,4,1,0,0,Gansu,Thursday,1,1,0,1,yes and agree,never,never,never,8,0,1515,0.81001900038697,1,0,0,0
2255,7,6,6,0,4.0943445622221,4.20469261939097,0,rural,0,1,3,0,1,0,Jilin,Friday,1,1,0,0,yes and agree,never,never,never,6,0,1200,0.505643250985367,7,1,0,0
162,7,7,1,1,4.24849524204936,4.0943445622221,0,city,1,1,5,1,1,0,Hebei,Saturday,1,1,1,1,yes and agree,heard but do not know,heard but do not know,heard but do not know,0,1,1400,0.29,7,1,1,0
3244,4,4,4,0,5.29831736654804,3.66356164612965,0,rural,0,1,5,1,0,0,Guangxi,Thursday,0,1,0,0,no,never,never,never,0,0,2364,2.04146198088326,4,1,1,1
1252,1,1,1,0,5.13579843705026,3.89182029811063,0,rural,0,1,2,0,1,0,Gansu,Thursday,1,0,0,0,yes and agree,never,never,never,0,0,4000,6.89604008710093,1,0,0,0
2619,7,7,7,0,4.89783979995091,3.61091791264422,1,rural,0,1,4,1,0,1,Zhejiang,Wednesday,1,0,7,1,yes and agree,heard and know,heard and know,heard and know,2,1,2427,0.29,7,1,1,1
3198,5,5,4,0,4.0943445622221,3.61091791264422,1,city,0,0,4,0,1,0,Guangdong,Thursday,1,1,5,1,yes and agree,heard and know,heard but do not know,heard but do not know,14,1,2537,0.29,5,1,1,0
1083,1,2,2,0,3.68887945411394,4.07753744390572,0,rural,0,1,4,0,0,1,Beijing,Tuesday,1,1,0,1,no,heard but do not know,never,never,0,0,4400,0.29,2,0,1,1
1924,7,7,5,0,3.97029191355212,3.76120011569356,0,city,0,0,3,0,0,0,Beijing,Tuesday,0,1,3,1,yes and agree,heard and know,never,never,12,1,600,0.29,7,1,1,0
2160,1,1,1,0,5.01063529409626,3.17805383034795,0,rural,0,0,4,0,1,0,Guizhou,Thursday,0,1,0,1,no,never,never,never,0,0,2855,1.63945577281253,1,0,0,0
811,7,7,7,0,4.68213122712422,3.29583686600433,1,city,1,0,5,1,0,0,Hebei,Sunday,1,0,2,1,yes but disagree,heard but do not know,never,never,8,1,3125,0.427046595145418,7,1,1,1
1614,6,6,5,0,4.9416424226093,4.0943445622221,0,rural,1,1,2,0,1,0,Shanxi,Sunday,1,1,0,1,no,never,never,never,0,0,1400,0.5836544866732,6,1,1,0
1432,7,7,7,0,4.60517018598809,4.06044301054642,0,county seat,0,1,3,1,1,0,Shanxi,Saturday,1,1,0,1,yes but disagree,heard but do not know,never,never,0,0,938,0.84130530300695,7,1,1,1
3348,7,7,7,0,3.68887945411394,2.99573227355399,0,rural,0,0,4,1,1,0,Guangdong,Friday,1,1,0,1,yes and agree,heard and know,heard and know,heard and know,0,0,1359,2.0164038403666,7,1,1,1
2145,1,1,1,1,5.13579843705026,3.58351893845611,0,rural,1,1,4,1,0,0,Gansu,Thursday,1,1,0,1,yes and agree,never,never,never,0,0,1964,0.734314968914343,1,0,0,0
1100,7,6,4,0,5.7037824746562,3.36729582998647,0,rural,0,1,3,0,0,0,Guizhou,Sunday,1,1,0,1,yes but disagree,heard but do not know,never,never,0,0,1105,3.44569813808334,7,1,0,0
2163,7,2,2,1,5.07517381523383,3.58351893845611,0,rural,1,1,4,1,0,0,Gansu,Thursday,1,1,0,1,yes and agree,heard but do not know,heard but do not know,heard but do not know,8,0,1393,0.734314968914343,7,1,0,0
1321,4,7,4,0,4.40671924726425,3.43398720448515,1,city,0,1,4,1,0,0,Beijing,Friday,1,0,0,1,yes and agree,heard and know,heard but do not know,heard but do not know,10,0,671,0.426155297891374,7,0,1,0
3328,6,5,5,0,4.70048036579242,3.49650756146648,0,city,0,0,4,0,0,0,Guangxi,Thursday,0,1,0,1,no,never,never,never,0,0,1875,1.12227035902825,6,1,0,0
1425,4,2,4,0,4.86753445045558,3.2188758248682,0,rural,1,1,4,1,0,0,Hebei,Saturday,1,0,2,1,no,heard but do not know,never,never,0,1,2600,3.45407900114864,4,1,0,1
1618,2,7,2,0,5.7037824746562,3.25809653802148,0,rural,1,1,4,1,0,0,Guizhou,Sunday,1,0,0,1,yes and agree,heard but do not know,never,heard but do not know,10,0,1393,0.416071420693412,7,0,1,0
2169,7,7,7,1,4.60517018598809,3.63758615972639,0,rural,1,1,3,1,0,0,Shanxi,Thursday,1,1,0,1,yes and agree,never,heard but do not know,never,0,0,857,1.75173861887515,7,1,1,1
922,4,4,5,0,3.68887945411394,3.97029191355212,0,city,1,1,4,1,0,0,Beijing,Sunday,1,1,0,1,no,heard but do not know,heard but do not know,heard but do not know,10,0,2860,0.358311938089575,5,0,0,1
1106,4,4,4,0,3.91202300542815,4.07753744390572,0,city,0,1,5,0,0,1,Beijing,Wednesday,0,1,0,1,yes and agree,never,never,never,2,0,4180,0.29,4,1,1,1
2248,1,1,1,0,4.72738781871234,3.49650756146648,0,county seat,0,1,4,1,1,0,Guizhou,Friday,0,0,5,1,yes but disagree,heard but do not know,heard but do not know,never,0,1,2407,1.12227035902825,1,0,0,0
1651,4,5,5,0,4.00733318523247,3.17805383034795,0,county seat,0,0,4,0,1,0,Beijing,Sunday,1,1,3,1,yes but disagree,heard but do not know,heard but do not know,heard but do not know,12,1,2045,0.590180185840672,5,0,1,1
3335,7,4,3,0,4.0943445622221,3.63758615972639,0,city,1,1,4,1,0,0,Jilin,Thursday,1,1,0,1,yes and agree,heard but do not know,never,never,0,0,1250,1.90058965173231,7,1,0,0
1420,7,2,2,0,4.0561233494019,4.12713438504509,0,county seat,1,1,3,0,1,0,Shanxi,Saturday,1,1,0,1,no,never,never,never,5,0,1000,6.31778598227502,7,1,0,0
1012,4,4,2,0,4.24849524204936,3.63758615972639,0,county seat,1,1,4,1,1,0,Hebei,Tuesday,1,0,0,1,yes and agree,heard and know,heard but do not know,never,14,0,1247,0.29,4,1,1,0
3415,4,2,1,0,4.27666611901606,3.49650756146648,0,county seat,0,1,3,0,0,0,Jilin,Saturday,1,0,0,1,yes and agree,heard but do not know,never,never,10,0,1850,0.389552227928835,4,1,0,0
3412,2,2,2,0,4.58496747867057,3.58351893845611,0,county seat,0,1,6,1,1,0,Guangxi,Saturday,0,1,7,1,yes and agree,heard but do not know,never,never,10,1,1458,0.29,2,1,1,1
3434,6,2,2,0,4.20469261939097,3.49650756146648,1,county seat,0,0,4,1,0,0,Guangdong,Saturday,1,1,2,1,yes and agree,heard but do not know,heard but do not know,heard but do not know,2,1,1404,0.389552227928835,6,1,0,0
3318,3,3,4,1,4.35670882668959,3.36729582998647,0,county seat,1,0,5,1,0,0,Jilin,Friday,0,0,0,1,yes and agree,heard and know,heard but do not know,heard but do not know,10,0,3977,3.04054345834172,4,0,0,1
1501,5,4,4,0,3.76120011569356,4.07753744390572,0,city,1,1,4,0,1,0,Beijing,Saturday,1,1,4,1,yes but disagree,never,never,never,0,1,2000,0.29,5,1,0,0
1894,7,7,3,0,4.86753445045558,3.17805383034795,0,county seat,1,1,4,0,0,0,Hebei,Tuesday,1,0,0,1,no,never,never,never,2,0,1231,0.490035858521876,7,1,1,0
3313,7,7,7,0,4.38202663467388,3.80666248977032,0,city,1,1,4,1,0,0,Guangxi,Thursday,0,0,0,1,no,heard but do not know,never,never,2,0,1800,1.32587761056342,7,1,1,1
1428,2,4,4,0,4.49980967033027,3.66356164612965,0,city,1,1,4,1,0,0,Hebei,Saturday,1,0,3,1,yes and agree,heard but do not know,heard but do not know,never,2,1,2600,0.685161404941599,4,0,1,1
2210,7,7,7,0,4.00733318523247,3.49650756146648,0,county seat,0,0,3,0,1,0,Jilin,Friday,1,1,0,1,yes and agree,heard but do not know,heard but do not know,never,7,0,732,0.389552227928835,7,1,1,1
3311,2,2,2,0,4.0943445622221,3.93182563272433,0,county seat,1,0,3,1,0,0,Jilin,Friday,1,1,0,1,no,never,never,never,1,0,1620,0.978987610870783,2,1,1,1
2911,6,6,7,1,4.24849524204936,3.98898404656427,0,city,1,1,4,1,1,0,Guangxi,Tuesday,0,1,0,0,yes and agree,heard but do not know,heard but do not know,heard but do not know,0,0,1308,0.843226323450702,7,0,0,1
2260,2,2,1,0,4.21950770517611,3.52636052461616,0,city,1,1,5,1,0,0,Henan,Friday,0,0,3,1,yes but disagree,heard and know,never,never,2,1,2727,0.29,2,1,1,0
1454,7,7,4,0,5.01063529409626,3.40119738166216,0,rural,1,1,4,1,0,0,Hebei,Saturday,1,0,3,1,no,heard but do not know,never,never,0,1,1400,0.29,7,1,1,0
3316,7,7,1,0,3.87120101090789,3.36729582998647,0,city,0,0,3,0,0,0,Guangxi,Thursday,0,1,0,1,yes and agree,never,never,never,0,0,1200,1.3752537407827,7,1,1,0
2499,7,7,1,0,4.89335213348152,4.11087386417331,1,county seat,1,1,4,1,1,1,Zhejiang,Tuesday,0,1,3,1,yes and agree,heard and know,never,heard but do not know,0,1,6250,0.29,7,1,1,0
1210,4,5,5,0,4.24849524204936,3.58351893845611,0,county seat,1,1,4,1,0,0,Beijing,Thursday,1,1,2,1,no,heard but do not know,never,heard but do not know,2,1,1456,0.29,5,0,1,1
821,4,4,5,0,4.77068462446567,3.43398720448515,0,rural,1,1,5,0,1,0,Hebei,Sunday,1,0,0,1,yes and agree,heard but do not know,heard but do not know,never,4,0,1400,0.29,5,0,0,1
1132,5,1,1,0,3.55534806148941,3.91202300542815,0,city,1,1,2,0,0,0,Beijing,Wednesday,0,1,0,1,yes and agree,heard but do not know,never,never,4,0,3850,1.02932536300857,5,1,0,0
2391,3,3,3,0,3.63758615972639,3.52636052461616,1,city,0,1,6,0,0,0,Jilin,Sunday,1,0,2,1,yes and agree,never,never,never,6,1,840,0.372673552734844,3,1,1,1
1612,7,5,4,0,4.60517018598809,3.46573590279973,0,city,1,1,3,1,0,0,Guangdong,Sunday,0,0,5,1,yes and agree,heard but do not know,never,heard but do not know,0,1,2077,0.29,7,1,0,0
3050,7,7,7,1,4.60517018598809,3.63758615972639,0,rural,1,1,3,0,0,0,Shanxi,Wednesday,0,0,0,1,yes and agree,heard but do not know,never,never,0,0,2180,1.75173861887515,7,1,1,1
2992,5,7,6,0,4.60517018598809,4.02535169073515,0,rural,0,0,6,0,0,0,Guangxi,Tuesday,1,1,0,1,no,heard but do not know,heard but do not know,familiar,0,0,1100,4.75573547982892,7,0,1,0
2531,1,1,1,0,4.39444915467244,3.66356164612965,0,county seat,1,1,5,1,1,0,Zhejiang,Tuesday,0,1,2,1,yes and agree,heard and know,never,never,10,1,2400,0.29,1,0,0,0
1440,7,7,7,0,3.95124371858143,3.58351893845611,0,county seat,1,1,6,1,1,0,Shanxi,Saturday,1,0,0,1,yes and agree,heard and know,never,heard and know,0,0,900,2.10856569540875,7,1,1,1
2965,4,4,4,1,4.31748811353631,3.68887945411394,0,county seat,1,1,6,1,1,0,Guangxi,Monday,0,1,0,1,no,never,never,never,2,0,3400,1.71379837552918,4,1,1,1
2113,4,6,4,0,5.88610403145016,4.02535169073515,0,rural,0,1,4,1,0,0,Guizhou,Thursday,0,0,0,1,no,never,never,never,15,0,5000,0.859146630944336,6,0,1,0
3396,7,6,7,1,4.4188406077966,3.46573590279973,1,county seat,0,1,3,1,0,0,Jilin,Saturday,0,1,0,1,yes and agree,heard but do not know,heard but do not know,never,10,0,2474,0.407362342670444,7,1,0,1
1304,4,5,3,0,4.38202663467388,3.13549421592915,0,city,0,0,4,1,1,0,Henan,Thursday,1,1,2,1,yes and agree,heard and know,heard and know,heard but do not know,2,1,1755,0.619061833875582,5,0,1,0
1141,6,4,4,0,4.97673374242057,3.58351893845611,1,city,0,1,4,1,0,0,Guangdong,Monday,0,1,0,1,yes but disagree,heard but do not know,never,heard but do not know,0,0,601,0.29,6,1,0,0
3362,7,7,7,1,5.19295685089021,4.11087386417331,0,rural,1,1,1,0,0,0,Shanxi,Friday,1,1,0,1,yes and agree,never,never,never,0,0,2000,0.556624584342293,7,1,1,1
136,7,7,4,1,3.91202300542815,3.43398720448515,1,city,0,0,1,0,0,1,Zhejiang,Saturday,0,1,3,1,yes and agree,heard and know,heard and know,never,10,1,2182,0.426155297891374,7,1,1,0
2250,5,6,4,0,4.8283137373023,3.76120011569356,0,county seat,1,1,5,1,1,0,Henan,Friday,0,0,0,1,yes and agree,heard but do not know,heard but do not know,never,0,0,4267,0.565605561669616,6,0,1,0
3095,7,1,2,0,3.91202300542815,3.43398720448515,1,county seat,0,0,4,0,0,0,Guangxi,Wednesday,1,1,0,1,yes and agree,heard but do not know,heard but do not know,never,4,0,900,0.426155297891374,7,1,0,0
951,5,6,6,0,4.24849524204936,3.71357206670431,1,county seat,1,1,3,1,0,0,Beijing,Monday,1,0,1,1,yes and agree,heard but do not know,heard but do not know,never,2,1,1083,0.29,6,0,1,1
2168,5,3,5,0,4.0943445622221,3.89182029811063,0,city,1,1,6,0,1,0,Henan,Thursday,0,1,2,1,yes and agree,heard but do not know,never,never,1,1,2321,1.08244097374843,5,1,0,1
3151,7,7,7,0,4.02535169073515,3.8286413964891,0,rural,1,1,4,0,0,0,Guangdong,Wednesday,1,1,5,1,yes and agree,heard but do not know,heard but do not know,heard but do not know,12,1,2618,0.29,7,1,1,1
1603,7,4,4,0,4.49980967033027,3.66356164612965,0,city,0,1,4,0,0,0,Guizhou,Saturday,0,1,0,1,yes and agree,heard but do not know,heard but do not know,never,16,0,2040,0.29,7,1,0,0
3016,3,3,5,1,5.01063529409626,3.71357206670431,0,rural,0,1,5,1,0,0,Guangxi,Wednesday,0,0,0,0,no,never,never,never,0,0,3188,9.5,5,0,0,1
906,6,6,1,0,4.00733318523247,4.11087386417331,0,city,0,1,4,0,1,0,Hebei,Sunday,1,1,2,1,yes and agree,heard but do not know,heard but do not know,never,0,1,2400,0.29,6,1,1,0
2439,7,7,1,0,3.36729582998647,3.36729582998647,0,city,1,1,3,1,0,0,Beijing,Monday,1,0,2,1,yes and agree,heard and know,heard but do not know,heard but do not know,10,1,4200,1.12488827512446,7,1,1,0
164,7,7,6,0,4.78749174278205,3.3322045101752,0,rural,1,1,2,1,0,0,Guizhou,Saturday,0,1,0,1,yes and agree,heard but do not know,never,never,0,0,1733,1.09265201979412,7,1,1,0
148,4,1,1,1,4.60517018598809,3.85014760171006,0,county seat,0,1,5,0,0,0,Shanxi,Saturday,1,0,0,1,yes but disagree,never,never,never,1,0,1200,1.46520467803001,4,1,0,0
820,2,2,1,0,3.91202300542815,3.93182563272433,0,county seat,0,1,2,1,0,0,Beijing,Sunday,1,0,4,1,yes but disagree,never,never,never,2,1,2200,1.19482951909191,2,1,1,0
3205,4,4,4,0,4.70048036579242,3.36729582998647,0,county seat,1,1,4,1,0,0,Guangdong,Thursday,1,0,3,1,yes but disagree,heard but do not know,heard but do not know,heard but do not know,0,1,1600,0.390352736240351,4,1,1,1
1199,2,2,2,1,4.12713438504509,4.15888308335967,0,city,0,1,3,1,1,0,Beijing,Thursday,1,1,3,1,no,heard but do not know,never,never,14,1,3000,0.29,2,1,1,1
1322,1,1,1,0,3.68887945411394,4.02535169073515,1,city,0,0,4,0,0,0,Beijing,Friday,1,1,4,1,yes and agree,heard but do not know,heard but do not know,never,4,1,2000,0.29,1,0,0,0
1911,4,7,1,0,4.48863636973214,3.13549421592915,1,county seat,0,0,4,0,0,0,Guizhou,Tuesday,1,1,0,1,no,heard but do not know,never,never,20,0,1542,0.619061833875582,7,0,1,0
2115,4,2,4,1,4.49980967033027,3.89182029811063,0,city,1,1,4,0,0,0,Shanxi,Thursday,1,0,0,1,no,never,never,never,2,0,2400,0.428181366720944,4,1,0,1
2611,7,7,2,0,4.24849524204936,3.25809653802148,0,city,1,0,3,0,0,0,Guangdong,Wednesday,0,1,7,1,yes and agree,heard and know,never,never,4,1,1018,0.446925814010253,7,1,1,0
2411,4,3,2,0,4.46590811865458,3.73766961828337,0,city,1,1,2,1,1,0,Guangdong,Sunday,0,0,0,1,yes and agree,heard but do not know,heard but do not know,heard but do not know,0,0,4800,0.593131073837361,4,1,0,0
2289,5,4,4,0,3.40119738166216,3.68887945411394,0,county seat,1,1,4,1,0,0,Henan,Saturday,0,1,1,1,yes and agree,heard but do not know,never,never,0,1,840,1.71379837552918,5,1,0,0
114,5,7,6,0,5.7037824746562,3.36729582998647,0,rural,0,0,4,0,0,0,Guizhou,Saturday,0,0,0,1,no,never,never,never,0,0,2800,1.26904521612678,7,0,1,0
2234,5,4,5,0,4.58496747867057,2.94443897916644,0,county seat,0,0,4,1,0,1,Guizhou,Friday,0,1,0,1,yes and agree,heard but do not know,heard but do not know,heard and know,0,0,947,2.30572763166636,5,1,0,1
1163,2,5,1,0,5.01063529409626,4.20469261939097,0,rural,0,1,2,0,1,0,Hebei,Wednesday,1,1,3,1,yes and agree,never,never,never,0,1,800,2.66374842785817,5,0,1,0
1441,7,7,6,0,5.29831736654804,3.98898404656427,0,county seat,0,1,3,1,0,0,Shanxi,Saturday,1,1,0,1,yes but disagree,never,never,never,2,0,1707,1.02694389126558,7,1,1,0
3056,7,4,4,1,4.38202663467388,3.46573590279973,1,city,1,1,5,1,1,1,Guangdong,Wednesday,1,1,4,1,yes and agree,heard but do not know,heard but do not know,heard but do not know,14,1,1351,0.29,7,1,0,0
1241,1,1,1,0,4.0943445622221,3.76120011569356,0,rural,1,1,2,0,0,0,Gansu,Thursday,0,0,0,0,no,never,never,never,0,0,4000,1.35488163781115,1,0,0,0
2229,7,7,7,0,4.49980967033027,3.13549421592915,0,county seat,1,0,3,1,1,0,Guizhou,Friday,0,1,0,1,yes and agree,heard but do not know,heard but do not know,never,15,0,1839,0.513391102033781,7,1,1,1
1888,2,2,2,0,4.60517018598809,3.52636052461616,1,city,0,0,3,0,1,0,Gansu,Tuesday,1,0,0,1,no,never,never,never,14,0,960,0.372673552734844,2,1,1,1
1438,4,2,2,0,5.85793315448346,3.52636052461616,0,rural,1,1,3,1,0,0,Hebei,Saturday,1,0,4,1,yes but disagree,heard but do not know,never,never,6,1,1650,2.15559987338665,4,1,0,0
2341,2,4,4,0,5.01063529409626,3.46573590279973,0,rural,0,0,6,0,0,0,Guangdong,Saturday,1,0,4,1,yes but disagree,heard but do not know,never,never,0,1,4420,0.379719391053881,4,0,1,1
1641,7,7,6,0,5.29831736654804,3.09104245335832,0,rural,1,0,3,0,0,0,Shanxi,Sunday,0,0,0,1,yes and agree,heard but do not know,heard but do not know,heard but do not know,0,0,750,0.49978527711044,7,1,1,0
1823,7,7,1,0,4.49980967033027,3.87120101090789,1,city,1,1,4,1,0,0,Beijing,Tuesday,1,1,1,1,yes and agree,familiar,familiar,familiar,14,1,2250,0.29,7,1,1,0
1665,7,7,6,0,5.29831736654804,4.02535169073515,0,rural,1,1,3,0,0,0,Shanxi,Sunday,1,1,0,1,no,never,never,never,0,0,667,0.707536494715993,7,1,1,0
3453,1,1,1,1,4.57471097850338,3.40119738166216,1,city,0,1,2,0,0,0,Shanxi,Sunday,1,0,0,1,yes and agree,heard and know,heard but do not know,heard but do not know,2,0,2160,0.445985331052855,1,0,0,0
1628,7,5,5,0,5.07517381523383,3.80666248977032,0,city,1,1,6,1,0,0,Zhejiang,Sunday,1,0,5,1,yes and agree,familiar,familiar,familiar,8,1,540,0.29,7,1,0,0
1491,7,7,7,0,4.49980967033027,3.36729582998647,1,city,1,1,4,0,0,0,Guizhou,Saturday,0,0,0,1,yes and agree,never,never,never,0,0,1320,0.390352736240351,7,1,1,1
3305,7,7,7,1,5.39362754635236,4.02535169073515,0,rural,1,1,3,1,0,0,Guangxi,Thursday,0,1,7,0,yes and agree,heard and know,heard and know,heard and know,0,1,1071,0.707536494715993,7,1,1,1
2683,4,4,1,0,3.91202300542815,3.52636052461616,0,county seat,1,0,3,1,0,0,Henan,Thursday,1,1,1,1,yes and agree,heard and know,never,never,0,1,218,0.875675843462376,4,1,1,0
2932,5,5,5,0,4.38202663467388,4.11087386417331,0,rural,0,1,5,0,1,1,Guangxi,Monday,0,1,0,1,no,never,never,never,2,0,3209,0.672525383451568,5,1,1,1
2853,1,1,3,0,4.24849524204936,3.43398720448515,1,county seat,1,0,4,0,0,0,Gansu,Friday,1,1,1,1,yes and agree,never,never,never,10,1,1333,0.357396571614206,3,0,0,1
2293,4,4,1,0,5.19295685089021,3.61091791264422,0,city,1,1,6,1,0,0,Guangdong,Saturday,1,0,5,1,yes and agree,heard but do not know,never,never,0,1,3750,0.29,4,1,1,0
941,7,7,7,0,4.04305126783455,4.12713438504509,0,city,1,1,4,0,1,0,Hebei,Monday,1,1,1,1,no,heard and know,never,never,0,1,720,0.29,7,1,1,1
1615,3,3,2,0,4.60517018598809,3.29583686600433,0,rural,0,1,4,1,1,1,Guizhou,Sunday,1,0,0,1,no,never,never,never,14,0,4000,0.476126352076078,3,1,1,0
1168,2,2,2,1,3.63758615972639,3.97029191355212,1,city,0,1,3,0,0,0,Beijing,Wednesday,0,1,4,1,yes but disagree,heard but do not know,heard but do not know,never,18,1,3600,0.29,2,1,1,1
1140,4,4,4,0,4.17438726989564,4.17438726989564,0,city,1,0,2,0,1,0,Hebei,Monday,1,1,0,1,yes and agree,never,never,never,0,0,1400,0.496825872670163,4,1,1,1
2910,6,6,6,0,4.56434819146784,3.93182563272433,0,rural,1,1,5,1,0,0,Guangxi,Sunday,0,1,0,0,yes and agree,never,never,never,0,0,1460,0.904944756488756,6,1,1,1
991,4,2,2,0,3.91202300542815,4.06044301054642,0,city,0,1,1,0,0,0,Beijing,Tuesday,1,1,0,1,yes but disagree,heard but do not know,heard but do not know,heard but do not know,10,0,4200,0.29,4,1,0,0
1216,3,3,1,0,4.00733318523247,3.97029191355212,0,city,1,1,4,0,0,0,Beijing,Thursday,1,0,4,1,yes but disagree,never,never,never,12,1,3200,0.29,3,1,1,0
1661,6,6,6,0,5.18738580584075,3.43398720448515,0,county seat,0,1,4,1,0,0,Hebei,Sunday,1,0,3,1,yes and agree,heard and know,heard and know,heard and know,0,1,2800,3.36961420810059,6,1,1,1
1192,4,4,2,0,4.31748811353631,3.8286413964891,0,city,0,1,6,1,1,0,Guangdong,Wednesday,0,1,6,1,yes and agree,heard but do not know,heard but do not know,heard but do not know,20,1,4240,0.29,4,1,1,0
1152,5,5,5,0,4.42723897749543,3.63758615972639,0,city,1,1,2,1,0,0,Gansu,Monday,1,1,0,1,no,never,never,never,2,0,1636,1.90058965173231,5,1,1,1
826,4,7,4,0,4.33073334028633,3.49650756146648,0,city,1,1,5,1,0,0,Hebei,Sunday,1,1,2,1,yes and agree,heard but do not know,heard but do not know,heard but do not know,5,1,1625,0.29,7,0,1,0
1218,6,6,6,0,4.00733318523247,3.40119738166216,0,county seat,1,1,4,1,0,0,Beijing,Thursday,1,1,2,1,yes and agree,heard but do not know,heard but do not know,heard but do not know,4,1,2667,0.373432195785504,6,1,1,1
1654,7,4,5,0,3.91202300542815,3.93182563272433,0,rural,1,1,2,0,0,0,Jilin,Sunday,1,1,0,1,no,never,never,never,5,0,1100,0.904944756488756,7,1,0,0
580,1,3,2,0,4.80402104473326,3.68887945411394,0,county seat,1,1,5,1,0,0,Hebei,Thursday,0,1,2,1,yes and agree,heard but do not know,never,never,2,1,4100,0.652822858651694,3,0,1,0
2629,4,2,4,0,3.91202300542815,3.63758615972639,0,county seat,1,1,4,1,0,0,Henan,Wednesday,1,1,4,1,yes but disagree,heard but do not know,never,never,0,1,1218,1.90058965173231,4,1,0,1
1681,7,7,7,0,4.60517018598809,3.61091791264422,0,rural,1,1,3,1,0,0,Shanxi,Sunday,0,1,0,1,no,heard but do not know,never,never,0,0,878,1.84472017101767,7,1,1,1
2605,1,1,1,0,4.86753445045558,4.04305126783455,0,rural,1,1,4,1,0,0,Henan,Wednesday,1,1,0,1,no,never,never,never,0,0,339,0.674027768233555,1,0,0,0
2612,7,7,7,0,4.47733681447821,3.66356164612965,0,county seat,0,1,6,1,0,0,Henan,Thursday,1,0,3,1,yes and agree,heard but do not know,heard but do not know,never,4,1,839,2.21590799964696,7,1,1,1
2650,4,5,3,0,3.3322045101752,3.3322045101752,1,city,1,0,3,0,1,0,Guangdong,Wednesday,1,1,0,1,yes and agree,heard but do not know,never,never,6,0,478,0.408207026552079,5,0,1,0
1330,4,7,5,0,4.24849524204936,3.66356164612965,0,county seat,1,1,4,0,0,0,Guangdong,Friday,0,0,5,1,yes and agree,heard but do not know,never,never,0,1,4623,0.29,7,0,1,0
2858,1,1,1,0,4.38202663467388,3.46573590279973,0,county seat,1,1,4,0,0,0,Gansu,Friday,1,1,0,0,yes and agree,heard but do not know,never,never,14,0,1607,0.29,1,0,0,0
1585,6,5,4,0,4.78749174278205,3.43398720448515,0,county seat,1,1,2,1,0,0,Guangdong,Saturday,1,0,5,1,yes but disagree,heard but do not know,heard but do not know,heard but do not know,0,1,3960,0.357396571614206,6,1,0,0
1139,4,4,4,0,4.86753445045558,3.73766961828337,0,rural,0,1,6,1,1,0,Guangdong,Monday,0,0,5,1,yes and agree,never,heard but do not know,never,0,1,11111,0.664838949731211,4,1,1,1
1108,2,2,2,0,3.68887945411394,3.40119738166216,0,city,0,1,5,0,0,0,Beijing,Wednesday,1,0,3,1,yes and agree,heard but do not know,never,never,10,1,4320,0.445985331052855,2,1,1,1
1111,7,7,7,0,5.07517381523383,4.21950770517611,0,rural,1,1,3,0,1,0,Hebei,Wednesday,1,1,2,1,no,never,never,never,0,1,2182,2.057006344708,7,1,1,1
1015,1,1,1,0,5.19295685089021,4.00733318523247,0,rural,1,1,5,0,0,0,Beijing,Tuesday,1,1,4,1,no,never,never,never,0,1,2530,0.29,1,0,0,0
2820,5,5,4,0,4.56434819146784,3.17805383034795,1,city,1,0,4,0,0,1,Guizhou,Friday,0,0,0,1,yes and agree,heard but do not know,never,never,25,0,4036,0.490035858521876,5,1,1,0
2661,7,7,7,0,4.78749174278205,3.2188758248682,0,rural,0,1,3,1,0,0,Henan,Wednesday,1,1,0,1,no,never,never,never,2,0,1235,0.522548149800133,7,1,1,1
1686,5,6,3,0,4.38202663467388,3.93182563272433,0,county seat,0,1,5,0,1,0,Hebei,Sunday,1,1,3,0,no,never,never,never,3,1,1400,1.19482951909191,6,0,1,0
2103,4,4,4,0,3.91202300542815,3.98898404656427,0,rural,1,1,6,0,0,0,Jilin,Thursday,1,1,0,1,yes but disagree,heard but do not know,heard but do not know,never,6,0,1856,0.29,4,1,1,1
1111,4,2,2,1,4.60517018598809,4.02535169073515,0,city,1,1,2,0,0,0,Shanxi,Wednesday,0,1,0,1,yes and agree,heard but do not know,never,never,10,0,1400,0.764139741732958,4,1,0,0
1669,1,7,1,0,4.14313472639153,3.40119738166216,0,rural,0,1,2,1,1,0,Jilin,Sunday,1,1,0,1,yes and agree,heard but do not know,never,heard but do not know,3,0,2200,3.26898808587072,7,0,1,0
1919,2,2,2,0,4.60517018598809,3.13549421592915,0,county seat,0,0,4,1,0,0,Guizhou,Tuesday,1,1,0,1,no,heard but do not know,never,never,0,0,655,0.619061833875582,2,1,1,1
841,3,4,2,0,3.71357206670431,3.43398720448515,1,city,0,0,3,0,0,0,Beijing,Sunday,1,1,0,1,yes and agree,never,never,never,14,0,2200,0.426155297891374,4,0,1,0
1662,3,3,2,0,4.60517018598809,3.49650756146648,1,county seat,0,1,3,1,0,0,Hebei,Sunday,1,0,4,1,no,heard but do not know,heard but do not know,never,6,1,1800,0.389552227928835,3,1,1,0
1115,3,3,2,0,3.73766961828337,3.98898404656427,0,city,0,0,4,0,1,0,Beijing,Wednesday,1,1,0,1,no,heard and know,never,never,16,0,3320,0.408435106723692,3,1,1,0
1881,7,5,4,0,4.60517018598809,3.80666248977032,0,county seat,0,1,3,0,0,0,Hebei,Tuesday,1,0,2,1,yes and agree,heard but do not know,never,never,0,1,2400,9.28086608438062,7,1,0,0
1249,5,3,4,0,4.31748811353631,3.3322045101752,0,rural,0,0,3,0,0,0,Guangdong,Thursday,1,1,4,1,yes and agree,heard but do not know,heard but do not know,never,12,1,1500,0.45471999336061,5,1,0,0
1658,5,5,6,0,5.01063529409626,3.80666248977032,0,city,1,1,6,1,0,0,Zhejiang,Sunday,1,0,2,1,yes and agree,familiar,familiar,familiar,7,1,5417,0.29,6,0,0,1
1248,5,7,5,0,4.60517018598809,3.46573590279973,1,city,0,1,4,1,0,0,Guizhou,Thursday,0,0,0,1,yes but disagree,heard and know,heard but do not know,never,14,0,2500,0.407362342670444,7,0,1,0
1649,7,7,7,0,5.16478597392351,3.29583686600433,1,rural,1,1,3,1,1,0,Guizhou,Sunday,1,1,0,1,yes and agree,never,never,never,0,0,1680,0.397805835573785,7,1,1,1
1200,5,7,5,0,4.86753445045558,4.0943445622221,0,rural,0,1,5,1,1,0,Zhejiang,Thursday,0,0,3,1,yes and agree,heard and know,never,never,0,1,4400,0.705951201732646,7,0,1,0
3240,2,2,1,0,4.0943445622221,3.93182563272433,0,rural,1,1,4,0,0,0,Guangxi,Thursday,0,1,0,1,yes and agree,heard but do not know,never,never,0,0,1235,5.02676283366802,2,1,1,0
2493,4,5,5,0,5.29831736654804,3.29583686600433,1,city,1,1,3,0,0,0,Shanxi,Monday,1,0,0,1,yes and agree,never,never,never,5,0,1560,0.427046595145418,5,0,1,1
2800,1,1,1,0,4.48863636973214,3.52636052461616,0,county seat,0,1,4,0,0,0,Gansu,Thursday,1,1,0,1,yes but disagree,never,never,never,0,0,2118,1.06707173730585,1,0,0,0
121,2,4,1,0,4.60517018598809,4.07753744390572,0,rural,1,1,5,1,1,0,Hebei,Saturday,1,1,0,0,no,never,never,never,2,0,1875,0.612176017921065,4,0,1,0
2215,4,2,2,0,4.0943445622221,3.78418963391826,0,city,1,1,2,0,0,0,Shanxi,Friday,0,1,0,1,yes and agree,heard but do not know,heard but do not know,heard but do not know,2,0,1073,0.539519588268097,4,1,0,0
1221,6,6,6,0,4.24849524204936,3.93182563272433,0,rural,1,1,2,0,1,0,Beijing,Thursday,1,1,3,1,no,familiar,never,never,0,1,720,0.365026939537838,6,1,1,1
