"id","wta_car","wta_elec","wta_green","ifpollution","living_area_ln","age_ln","is_bachelor","location","female","married","income_level","youth","older_adults","partymember","province","weekday","ifsunny","caruse","conditioner1month","mainuseelec","heard_about_global_warming","know_about_low_carbon","know_about_carbon_neutrality","know_about_carbon_policy","publictrans","conditionernumber","energy_consume2020","weights"
1200,"5","7","5",0,4.86753445045558,4.0943445622221,0,"rural",0,1,5,"1","1","0","Zhejiang","Thursday","0",0,3,"1","yes and agree","heard and know","never","never",0,1,4400,0.705951201732646
1021,"6","4","5",0,3.68887945411394,3.66356164612965,1,"city",1,1,4,"0","0","1","Beijing","Tuesday","1",1,4,"1","yes and agree","heard and know","heard but do not know","never",4,1,3600,0.29
2648,"7","7","2",0,3.8286413964891,3.87120101090789,1,"city",1,0,4,"0","1","0","Guangdong","Wednesday","1",1,5,"1","yes and agree","heard but do not know","never","never",14,1,1718,0.29
1635,"7","7","7",0,4.49980967033027,4.0943445622221,0,"county seat",1,1,1,"1","1","0","Hebei","Sunday","1",1,1,"1","no","never","never","never",0,1,300,0.629313644722153
1949,"1","1","1",0,4.0943445622221,4.11087386417331,0,"county seat",1,1,4,"0","1","0","Beijing","Wednesday","0",1,3,"1","no","never","heard but do not know","heard but do not know",0,1,3600,0.29
2690,"7","7","7",0,4.85203026391962,3.25809653802148,0,"county seat",1,1,3,"0","0","0","Hebei","Thursday","1",1,2,"1","yes and agree","heard but do not know","heard but do not know","never",10,1,3000,0.446925814010253
1634,"6","4","4",0,4.60517018598809,3.63758615972639,1,"city",0,1,4,"1","1","0","Guangdong","Sunday","0",0,4,"1","yes and agree","never","never","never",0,1,1500,0.29
1114,"4","4","4",0,5.52146091786225,4.23410650459726,0,"rural",0,1,3,"0","1","0","Hebei","Wednesday","1",1,3,"1","yes and agree","heard and know","heard but do not know","never",6,1,1440,2.39922059636892
1148,"4","5","5",0,4.60517018598809,3.91202300542815,0,"city",0,1,6,"1","0","0","Guangdong","Monday","0",0,6,"1","yes and agree","heard and know","heard but do not know","heard but do not know",0,1,2750,0.29
808,"7","5","7",0,4.04305126783455,4.11087386417331,0,"city",1,0,4,"0","1","0","Hebei","Sunday","1",1,2,"1","yes and agree","heard and know","never","never",0,1,2182,0.599895843933836
1096,"1","1","1",0,5.01063529409626,3.95124371858143,0,"rural",1,1,3,"0","0","0","Beijing","Wednesday","1",1,3,"1","no","never","never","never",2,1,1183,0.29
2166,"7","7","5",0,4.38202663467388,4.18965474202643,0,"county seat",1,1,5,"0","0","0","Zhejiang","Thursday","1",0,3,"1","yes and agree","heard and know","heard but do not know","never",10,1,4719,0.29
2600,"7","7","7",0,3.55534806148941,3.2188758248682,1,"city",0,0,3,"0","0","0","Guangdong","Wednesday","1",1,0,"1","yes and agree","heard but do not know","heard but do not know","heard but do not know",6,0,4534,0.562809000235141
910,"7","1","1",0,4.55387689160054,3.97029191355212,0,"city",1,1,4,"1","1","0","Hebei","Sunday","1",1,0,"1","no","never","never","never",2,0,2640,4.91507732311797
2199,"1","1","1",0,4.86753445045558,2.63905732961526,0,"rural",0,0,3,"1","0","0","Beijing","Thursday","1",1,3,"1","no","never","never","never",0,1,1182,7.62989449113376
159,"4","4","5",0,4.74493212836325,3.58351893845611,0,"county seat",0,1,7,"1","0","0","Hebei","Saturday","1",0,0,"1","yes and agree","never","never","never",0,0,3188,0.965183909066345
1351,"3","2","1",0,4.17438726989564,3.40119738166216,0,"county seat",0,1,4,"1","0","0","Guangdong","Friday","0",0,4,"1","yes and agree","heard but do not know","heard but do not know","never",0,1,3927,0.445985331052855
1196,"7","7","7",0,4.55387689160054,3.3322045101752,1,"city",0,1,6,"1","0","0","Zhejiang","Monday","0",1,0,"1","yes and agree","heard and know","heard and know","heard but do not know",10,0,3792,0.48898871152122
313,"4","4","5",0,4.47733681447821,3.17805383034795,1,"city",0,1,5,"0","0","0","Guangdong","Thursday","1",1,0,"1","yes and agree","heard and know","heard and know","heard and know",6,0,4400,0.590180185840672
800,"7","7","5",0,4.35670882668959,3.76120011569356,0,"county seat",1,1,4,"1","1","0","Beijing","Sunday","1",1,4,"1","yes and agree","never","never","heard but do not know",4,1,1307,0.565605561669616
2338,"7","7","5",0,3.91202300542815,3.71357206670431,0,"county seat",1,1,3,"1","0","0","Guangdong","Saturday","0",0,4,"1","no","never","never","never",0,1,3750,1.62766381677959
3352,"1","1","1",0,4.59511985013459,3.40119738166216,0,"county seat",1,0,2,"0","1","0","Guangdong","Friday","1",0,6,"1","yes and agree","heard but do not know","never","heard but do not know",0,1,4859,0.373432195785504
1015,"1","1","1",0,5.19295685089021,4.00733318523247,0,"rural",1,1,5,"0","0","0","Beijing","Tuesday","1",1,4,"1","no","never","never","never",0,1,2530,0.29
1111,"7","7","7",0,5.07517381523383,4.21950770517611,0,"rural",1,1,3,"0","1","0","Hebei","Wednesday","1",1,2,"1","no","never","never","never",0,1,2182,2.057006344708
1384,"3","4","4",0,5.01063529409626,3.52636052461616,0,"city",1,1,5,"1","1","0","Guangdong","Friday","0",0,4,"1","no","heard but do not know","heard but do not know","never",0,1,4267,0.875675843462376
826,"4","7","4",0,4.33073334028633,3.49650756146648,0,"city",1,1,5,"1","0","0","Hebei","Sunday","1",1,2,"1","yes and agree","heard but do not know","heard but do not know","heard but do not know",5,1,1625,0.29
1008,"2","2","3",0,3.58351893845611,4.15888308335967,0,"city",0,0,3,"0","0","0","Beijing","Tuesday","1",1,0,"1","no","never","heard but do not know","never",8,0,1200,0.627921892839261
2411,"4","3","2",0,4.46590811865458,3.73766961828337,0,"city",1,1,2,"1","1","0","Guangdong","Sunday","0",0,0,"1","yes and agree","heard but do not know","heard but do not know","heard but do not know",0,0,4800,0.593131073837361
612,"4","4","4",1,4.55387689160054,4.07753744390572,0,"rural",1,1,4,"0","1","0","Hebei","Friday","1",1,0,"1","yes and agree","heard but do not know","never","never",5,0,2222,0.612176017921065
2416,"5","5","5",0,4.29045944114839,3.66356164612965,0,"city",1,1,4,"1","0","0","Beijing","Sunday","1",0,0,"1","yes and agree","heard but do not know","heard but do not know","never",2,0,2162,0.29
616,"4","7","2",0,3.80666248977032,3.25809653802148,1,"city",1,1,3,"1","1","0","Guangdong","Friday","1",1,0,"1","yes but disagree","familiar","heard but do not know","heard but do not know",3,0,1100,0.446925814010253
1115,"3","3","2",0,3.73766961828337,3.98898404656427,0,"city",0,0,4,"0","1","0","Beijing","Wednesday","1",1,0,"1","no","heard and know","never","never",16,0,3320,0.408435106723692
2086,"7","7","7",0,4.31748811353631,3.49650756146648,1,"city",1,1,3,"0","0","0","Guangdong","Thursday","1",1,5,"1","yes and agree","heard and know","heard but do not know","heard but do not know",2,1,844,0.29
1884,"6","6","6",0,4.60517018598809,3.17805383034795,0,"county seat",0,1,4,"1","0","0","Hebei","Tuesday","1",0,3,"1","yes and agree","heard but do not know","never","never",0,1,4400,1.77838741966437
1198,"6","5","5",0,4.06044301054642,3.55534806148941,0,"city",1,1,2,"0","0","0","Guangdong","Thursday","0",0,0,"1","yes and agree","heard but do not know","never","never",0,0,1950,0.833373707099913
1644,"5","7","5",0,4.44265125649032,3.49650756146648,0,"county seat",0,1,5,"1","0","0","Guangdong","Sunday","1",0,4,"1","yes and agree","heard but do not know","heard but do not know","never",0,1,2875,0.389552227928835
983,"7","4","2",0,4.27666611901606,3.89182029811063,0,"county seat",1,1,5,"1","0","0","Hebei","Monday","1",1,0,"1","yes and agree","heard but do not know","never","never",0,0,2160,0.29
2641,"5","3","5",0,4.86753445045558,3.13549421592915,0,"city",1,0,3,"0","1","0","Guangdong","Wednesday","1",1,7,"0","yes but disagree","heard and know","heard and know","heard and know",1,1,3165,0.513391102033781
1122,"5","5","4",0,4.24849524204936,3.58351893845611,0,"county seat",1,1,4,"0","0","0","Beijing","Wednesday","1",1,0,"1","yes but disagree","heard but do not know","heard but do not know","heard but do not know",2,0,2200,0.29
1925,"4","2","1",0,4.24849524204936,3.55534806148941,0,"city",1,1,2,"0","0","0","Hebei","Tuesday","1",1,0,"1","yes but disagree","heard and know","never","never",10,0,2000,0.29
3214,"1","1","1",0,4.39444915467244,3.58351893845611,1,"rural",1,1,4,"1","0","0","Guangdong","Thursday","1",0,5,"1","yes and agree","heard and know","never","never",16,1,3529,0.29
2053,"5","5","5",1,4.49980967033027,3.58351893845611,1,"city",0,1,5,"1","0","0","Zhejiang","Wednesday","1",0,2,"1","yes and agree","heard but do not know","heard but do not know","heard and know",3,1,1909,0.29
152,"4","4","4",0,4.74493212836325,3.73766961828337,0,"county seat",0,1,6,"0","0","0","Hebei","Saturday","1",0,0,"1","no","never","never","never",2,0,2482,1.8960524742174
3198,"5","5","4",0,4.0943445622221,3.61091791264422,1,"city",0,0,4,"0","1","0","Guangdong","Thursday","1",1,5,"1","yes and agree","heard and know","heard but do not know","heard but do not know",14,1,2537,0.29
1613,"1","1","1",0,3.78418963391826,3.52636052461616,0,"city",1,1,3,"0","1","0","Hebei","Sunday","1",1,1,"1","yes and agree","heard but do not know","heard but do not know","heard but do not know",10,1,1625,0.29
2202,"5","4","4",0,4.70048036579242,3.68887945411394,0,"city",0,1,6,"1","0","0","Guangdong","Thursday","0",0,5,"1","yes and agree","heard but do not know","never","never",0,1,3328,0.29
1013,"7","5","4",0,3.80666248977032,3.8286413964891,0,"city",0,0,3,"0","0","0","Beijing","Tuesday","1",1,4,"1","yes and agree","never","never","never",8,1,2045,8.79898639844967
1164,"7","4","4",0,4.23410650459726,3.97029191355212,0,"city",0,1,5,"0","0","0","Beijing","Monday","1",0,2,"1","yes and agree","heard and know","heard and know","heard and know",8,1,3889,0.427287261784241
1010,"6","6","6",0,4.60517018598809,4.11087386417331,0,"county seat",1,1,2,"0","0","0","Hebei","Tuesday","1",1,3,"1","no","never","never","never",0,1,3180,0.29
916,"7","3","1",0,3.68887945411394,4.14313472639153,0,"city",1,0,3,"0","1","0","Beijing","Monday","1",1,0,"1","yes but disagree","never","never","never",2,0,2600,0.29
160,"7","7","3",0,4.9416424226093,3.52636052461616,0,"county seat",0,1,3,"1","0","0","Hebei","Saturday","1",0,0,"1","yes but disagree","heard but do not know","never","never",2,0,2708,0.372673552734844
801,"7","7","7",0,4.38202663467388,3.55534806148941,1,"city",1,1,6,"1","0","0","Zhejiang","Sunday","0",0,3,"1","yes and agree","heard and know","heard but do not know","heard but do not know",3,1,3500,0.29
1241,"4","2","1",0,3.98898404656427,3.91202300542815,0,"city",1,1,3,"0","0","0","Beijing","Thursday","1",1,4,"1","yes and agree","heard but do not know","never","never",6,1,1214,0.29
692,"2","3","2",1,4.31748811353631,3.49650756146648,1,"city",1,1,4,"1","1","0","Zhejiang","Friday","1",0,7,"1","yes and agree","heard and know","never","never",0,1,1959,0.29
164,"1","1","1",0,4.70048036579242,3.29583686600433,1,"city",1,1,5,"1","1","0","Beijing","Thursday","0",0,3,"1","yes and agree","familiar","familiar","familiar",2,1,3850,0.427046595145418
1338,"7","4","3",0,3.63758615972639,3.71357206670431,1,"city",1,1,4,"1","1","0","Beijing","Friday","1",0,4,"1","yes but disagree","heard but do not know","heard but do not know","never",12,1,2800,0.29
1156,"7","7","4",0,4.60517018598809,3.43398720448515,0,"county seat",0,1,4,"1","0","0","Hebei","Monday","1",0,3,"1","yes and agree","heard but do not know","never","never",0,1,1650,1.241974008131
3264,"7","7","7",0,4.30406509320417,3.68887945411394,0,"county seat",1,1,6,"1","0","0","Guangdong","Thursday","1",0,5,"1","no","heard but do not know","never","never",0,1,3500,0.652822858651694
3115,"5","3","1",0,3.73766961828337,3.52636052461616,1,"city",1,1,5,"1","0","0","Guangdong","Wednesday","1",1,1,"1","yes and agree","heard and know","heard but do not know","never",12,1,4220,0.29
1421,"6","6","6",0,5.24702407216049,3.36729582998647,0,"rural",1,1,4,"1","1","0","Hebei","Saturday","1",0,3,"1","yes but disagree","heard but do not know","heard but do not know","never",0,1,3150,1.03900238823252
615,"7","7","7",0,4.86753445045558,3.91202300542815,0,"county seat",1,1,5,"0","0","0","Hebei","Friday","1",1,2,"1","yes and agree","never","never","never",5,1,4600,1.02932536300857
1330,"4","7","5",0,4.24849524204936,3.66356164612965,0,"county seat",1,1,4,"0","0","0","Guangdong","Friday","0",0,5,"1","yes and agree","heard but do not know","never","never",0,1,4623,0.29
610,"3","2","3",1,4.70048036579242,3.43398720448515,1,"city",0,1,4,"1","1","0","Hebei","Friday","0",0,0,"1","yes and agree","heard and know","heard but do not know","heard but do not know",3,0,4000,0.426155297891374
1211,"6","6","6",0,4.06044301054642,3.93182563272433,0,"county seat",1,1,3,"0","1","0","Beijing","Thursday","1",1,1,"1","no","never","never","never",0,1,3240,0.978987610870783
2424,"3","7","2",0,2.94443897916644,3.36729582998647,1,"county seat",1,1,2,"1","0","0","Guangdong","Sunday","0",1,5,"1","yes and agree","heard and know","never","never",14,1,1690,0.390352736240351
1666,"6","6","6",0,5.29831736654804,3.09104245335832,0,"county seat",0,0,4,"1","0","0","Hebei","Sunday","1",0,3,"1","yes and agree","heard and know","heard but do not know","never",0,1,1800,1.97250400521353
1613,"4","7","2",0,5.88610403145016,3.43398720448515,0,"city",1,1,4,"0","0","0","Guangdong","Saturday","1",0,6,"1","yes and agree","heard and know","heard but do not know","never",10,1,633,1.0171111632533
3111,"6","6","5",0,4.0943445622221,3.55534806148941,0,"county seat",1,1,2,"1","0","0","Guangdong","Wednesday","1",1,2,"1","yes and agree","heard but do not know","heard but do not know","heard but do not know",8,1,713,0.29
1469,"7","1","1",0,3.97029191355212,3.66356164612965,1,"city",1,1,5,"1","0","0","Beijing","Saturday","1",0,4,"1","yes but disagree","heard and know","never","never",2,1,2400,0.29
3381,"7","7","5",0,4.17438726989564,2.99573227355399,0,"rural",0,0,4,"1","0","0","Guangdong","Friday","0",1,0,"0","no","heard but do not know","heard and know","heard and know",20,0,1369,0.662961022218672
3165,"7","7","7",1,4.64439089914137,3.49650756146648,0,"county seat",1,1,4,"1","1","0","Guangdong","Wednesday","1",1,7,"1","yes and agree","heard and know","heard and know","heard and know",20,1,4971,0.29
1211,"7","5","2",0,4.74493212836325,3.29583686600433,1,"county seat",1,1,5,"0","0","1","Guangdong","Thursday","0",0,1,"1","yes and agree","heard and know","heard and know","heard but do not know",10,1,3477,0.427046595145418
1601,"4","4","5",0,4.0943445622221,3.76120011569356,0,"county seat",0,1,4,"0","0","0","Beijing","Saturday","1",1,2,"1","no","never","never","never",0,1,2045,0.29
556,"7","6","5",0,4.60517018598809,3.43398720448515,0,"rural",0,1,4,"1","0","0","Hebei","Thursday","0",0,0,"0","no","heard but do not know","never","never",2,0,3033,1.14658405112713
954,"2","2","1",0,3.68887945411394,3.73766961828337,1,"city",1,1,4,"0","0","0","Beijing","Monday","1",1,4,"1","no","never","never","never",16,1,2375,0.29
1224,"5","7","1",0,4.86753445045558,3.93182563272433,0,"rural",0,1,6,"0","0","0","Guangdong","Thursday","1",0,4,"1","yes and agree","familiar","never","never",6,1,4650,0.435591191832487
1258,"2","1","1",0,5.19295685089021,3.49650756146648,0,"rural",1,1,3,"0","1","0","Beijing","Thursday","1",1,4,"1","no","heard but do not know","never","never",2,1,2133,2.27086826616563
3162,"4","4","4",0,4.31748811353631,3.04452243772342,1,"city",0,0,5,"0","0","0","Guangdong","Wednesday","1",0,7,"1","yes and agree","heard and know","heard but do not know","heard but do not know",4,1,1067,0.681694532917722
1116,"7","6","5",0,5.07517381523383,4.07753744390572,0,"city",1,1,5,"0","1","0","Guangdong","Wednesday","0",0,5,"1","no","never","never","never",1,1,1250,3.57931155550654
3118,"1","1","1",0,4.04305126783455,3.61091791264422,0,"city",0,1,4,"1","0","0","Guangdong","Wednesday","1",1,3,"1","yes and agree","heard but do not know","heard but do not know","never",10,1,1371,0.29
2363,"5","2","1",0,4.47733681447821,3.89182029811063,0,"city",0,1,6,"1","0","0","Guangdong","Saturday","1",0,5,"1","yes but disagree","never","never","never",0,1,2778,0.29
3169,"4","7","7",0,4.48863636973214,3.25809653802148,1,"county seat",1,1,4,"0","0","0","Guangdong","Wednesday","1",1,7,"1","yes and agree","heard and know","heard but do not know","heard but do not know",4,1,1768,0.446925814010253
1126,"5","5","6",0,4.38202663467388,3.43398720448515,1,"city",0,1,6,"1","0","0","Zhejiang","Sunday","1",1,2,"1","yes and agree","heard and know","heard but do not know","heard but do not know",10,1,4000,0.426155297891374
1591,"6","6","6",0,3.3322045101752,3.58351893845611,0,"city",1,1,2,"1","0","0","Guangdong","Saturday","0",1,7,"1","yes and agree","heard and know","heard but do not know","heard but do not know",5,1,4480,0.793283902512309
1616,"2","2","2",0,4.60517018598809,3.95124371858143,0,"county seat",0,1,2,"0","0","0","Hebei","Sunday","0",0,4,"1","yes and agree","heard but do not know","heard but do not know","never",0,1,1750,1.13583617329244
1245,"5","4","5",0,4.24849524204936,3.89182029811063,0,"county seat",1,1,3,"0","0","0","Beijing","Thursday","1",1,0,"1","no","never","never","heard but do not know",4,0,1706,0.428181366720944
829,"7","7","7",0,4.38202663467388,3.87120101090789,1,"city",1,1,6,"1","0","0","Zhejiang","Sunday","0",0,2,"1","yes and agree","heard and know","never","heard and know",2,1,3000,0.29
2453,"7","5","4",0,3.91202300542815,3.49650756146648,1,"county seat",1,1,1,"0","1","0","Guangdong","Monday","0",1,4,"1","yes and agree","heard but do not know","heard but do not know","heard but do not know",12,1,2141,0.29
3119,"3","7","1",1,4.61512051684126,3.2188758248682,0,"county seat",0,0,4,"0","1","0","Guangdong","Thursday","1",0,4,"1","yes and agree","heard and know","heard and know","heard but do not know",12,1,4934,0.562809000235141
2626,"7","7","3",0,4.60517018598809,3.43398720448515,1,"city",0,0,1,"0","0","0","Guangdong","Wednesday","1",1,0,"1","yes and agree","heard and know","heard and know","heard and know",10,0,3629,0.426155297891374
1286,"2","4","1",0,5.7037824746562,3.43398720448515,0,"rural",0,0,5,"0","0","0","Zhejiang","Thursday","0",0,1,"1","yes and agree","familiar","familiar","never",0,1,263,1.14658405112713
953,"5","5","2",0,3.91202300542815,3.66356164612965,0,"city",1,1,4,"1","0","0","Beijing","Monday","1",1,0,"1","yes and agree","heard and know","never","never",12,0,1698,0.29
1428,"2","4","4",0,4.49980967033027,3.66356164612965,0,"city",1,1,4,"1","0","0","Hebei","Saturday","1",0,3,"1","yes and agree","heard but do not know","heard but do not know","never",2,1,2600,0.685161404941599
951,"6","6","6",0,4.38202663467388,3.73766961828337,0,"county seat",0,1,3,"0","1","0","Beijing","Monday","1",1,0,"0","no","heard but do not know","never","never",2,0,2200,0.29
3135,"5","5","4",0,4.38202663467388,3.52636052461616,0,"rural",1,1,4,"1","0","0","Guangdong","Wednesday","0",1,3,"1","yes and agree","heard but do not know","never","never",12,1,822,0.29
3154,"4","4","7",0,4.44265125649032,3.66356164612965,0,"city",1,1,5,"0","1","0","Guangdong","Wednesday","1",1,1,"1","yes and agree","heard but do not know","heard but do not know","never",7,1,2214,0.29
3331,"7","7","1",0,4.44265125649032,3.63758615972639,0,"rural",1,1,4,"1","0","0","Guangdong","Thursday","1",0,6,"1","yes and agree","heard but do not know","heard but do not know","never",0,1,3300,0.29
1240,"7","7","7",0,4.38202663467388,3.87120101090789,0,"rural",1,1,5,"0","0","0","Guangdong","Thursday","1",0,5,"1","yes and agree","heard but do not know","heard but do not know","heard but do not know",0,1,3640,0.417171619283491
1424,"6","6","4",0,4.49980967033027,3.78418963391826,0,"city",1,1,4,"1","0","0","Hebei","Saturday","1",0,2,"1","no","heard but do not know","heard but do not know","never",2,1,2400,0.29
3236,"4","6","4",0,4.49980967033027,3.71357206670431,0,"city",0,1,2,"0","0","0","Guangdong","Thursday","1",0,5,"1","yes and agree","never","never","never",0,1,1800,0.753587280600736
1585,"6","5","4",0,4.78749174278205,3.43398720448515,0,"county seat",1,1,2,"1","0","0","Guangdong","Saturday","1",0,5,"1","yes but disagree","heard but do not know","heard but do not know","heard but do not know",0,1,3960,0.357396571614206
992,"1","1","1",0,4.24849524204936,3.95124371858143,0,"rural",0,1,3,"0","0","0","Beijing","Tuesday","0",1,3,"1","no","never","never","heard but do not know",0,1,2415,1.04906162482667
3184,"2","1","2",1,4.4188406077966,3.49650756146648,1,"county seat",0,0,5,"0","1","0","Guangdong","Wednesday","1",0,6,"1","yes and agree","heard and know","heard but do not know","never",12,1,6355,0.389552227928835
2650,"4","5","3",0,3.3322045101752,3.3322045101752,1,"city",1,0,3,"0","1","0","Guangdong","Wednesday","1",1,0,"1","yes and agree","heard but do not know","never","never",6,0,478,0.408207026552079
1582,"5","5","4",0,3.68887945411394,3.63758615972639,0,"county seat",0,0,1,"0","0","0","Guangdong","Saturday","1",1,0,"1","yes and agree","heard but do not know","never","never",14,0,1733,0.873674535534688
1209,"4","4","3",0,4.31748811353631,3.66356164612965,0,"city",1,0,3,"1","0","0","Hebei","Thursday","1",1,0,"1","yes and agree","heard but do not know","never","never",6,0,1857,0.29
189,"7","7","7",0,4.31748811353631,3.55534806148941,1,"city",1,1,6,"1","1","1","Zhejiang","Sunday","0",0,6,"1","yes and agree","heard and know","never","never",7,1,4200,0.29
151,"7","7","2",1,4.8283137373023,3.71357206670431,0,"city",1,1,4,"0","1","0","Hebei","Saturday","1",1,4,"1","yes and agree","heard but do not know","never","never",0,1,2656,0.62217556485308
2539,"3","3","3",0,4.49980967033027,4.06044301054642,0,"county seat",1,1,4,"1","0","0","Zhejiang","Tuesday","0",0,2,"1","no","heard but do not know","never","never",0,1,3200,0.693109043829197
1982,"7","7","7",0,4.60517018598809,2.99573227355399,1,"city",1,0,6,"1","0","0","Beijing","Wednesday","1",0,0,"1","yes and agree","heard and know","heard and know","heard but do not know",2,0,2150,0.591478324546551
1425,"4","2","4",0,4.86753445045558,3.2188758248682,0,"rural",1,1,4,"1","0","0","Hebei","Saturday","1",0,2,"1","no","heard but do not know","never","never",0,1,2600,3.45407900114864
1823,"7","7","1",0,4.49980967033027,3.87120101090789,1,"city",1,1,4,"1","0","0","Beijing","Tuesday","1",1,1,"1","yes and agree","familiar","familiar","familiar",14,1,2250,0.29
2534,"4","3","4",0,4.24849524204936,3.49650756146648,0,"county seat",1,1,4,"1","0","0","Zhejiang","Tuesday","0",0,2,"1","yes and agree","heard and know","never","never",6,1,3600,0.92031239779923
1184,"4","7","4",1,5.93489419561959,3.52636052461616,0,"city",1,1,3,"1","1","0","Hebei","Monday","1",0,1,"1","yes and agree","heard and know","never","never",0,1,20350,0.29
1843,"4","4","4",0,4.17438726989564,3.13549421592915,0,"city",1,0,4,"0","1","0","Hebei","Tuesday","1",0,2,"1","yes and agree","heard but do not know","heard but do not know","heard but do not know",2,1,580,0.513391102033781
3205,"4","4","4",0,4.70048036579242,3.36729582998647,0,"county seat",1,1,4,"1","0","0","Guangdong","Thursday","1",0,3,"1","yes but disagree","heard but do not know","heard but do not know","heard but do not know",0,1,1600,0.390352736240351
941,"6","6","6",0,4.20469261939097,3.80666248977032,0,"city",1,1,3,"0","1","0","Hebei","Monday","1",0,3,"1","yes but disagree","heard but do not know","heard but do not know","heard but do not know",0,1,3300,1.32587761056342
1216,"3","3","1",0,4.00733318523247,3.97029191355212,0,"city",1,1,4,"0","0","0","Beijing","Thursday","1",0,4,"1","yes but disagree","never","never","never",12,1,3200,0.29
1422,"4","3","1",0,3.68887945411394,3.68887945411394,0,"city",1,1,4,"1","0","0","Beijing","Saturday","1",1,4,"1","yes and agree","heard but do not know","never","never",10,1,1380,0.29
1313,"7","6","7",0,4.38202663467388,3.25809653802148,0,"county seat",0,1,4,"1","1","0","Guangdong","Friday","0",1,4,"1","no","never","never","never",0,1,2133,0.536869282371849
3196,"1","1","1",1,4.00733318523247,3.63758615972639,0,"county seat",1,1,4,"1","0","0","Guangdong","Thursday","1",1,5,"1","yes and agree","heard and know","heard and know","heard and know",10,1,2226,0.29
1502,"7","7","4",0,5.07517381523383,3.46573590279973,0,"rural",0,1,3,"1","0","0","Hebei","Saturday","1",0,2,"1","no","never","never","never",0,1,2182,2.94280958926656
1881,"7","5","4",0,4.60517018598809,3.80666248977032,0,"county seat",0,1,3,"0","0","0","Hebei","Tuesday","1",0,2,"1","yes and agree","heard but do not know","never","never",0,1,2400,9.28086608438062
1501,"5","4","4",0,3.76120011569356,4.07753744390572,0,"city",1,1,4,"0","1","0","Beijing","Saturday","1",1,4,"1","yes but disagree","never","never","never",0,1,2000,0.29
1031,"6","6","6",0,4.60517018598809,3.63758615972639,1,"county seat",1,1,4,"0","0","1","Hebei","Tuesday","1",1,3,"1","yes and agree","never","heard but do not know","never",0,1,2267,0.29
2512,"7","7","7",0,4.8283137373023,3.25809653802148,0,"county seat",1,1,2,"1","0","0","Hebei","Wednesday","1",0,1,"1","yes and agree","heard and know","heard but do not know","never",14,1,1683,0.446925814010253
1385,"4","4","4",1,4.8283137373023,3.52636052461616,0,"city",1,1,4,"1","1","0","Hebei","Friday","0",0,3,"1","yes but disagree","heard but do not know","heard but do not know","heard but do not know",4,1,1600,0.29
2531,"1","1","1",0,4.39444915467244,3.66356164612965,0,"county seat",1,1,5,"1","1","0","Zhejiang","Tuesday","0",1,2,"1","yes and agree","heard and know","never","never",10,1,2400,0.29
2323,"5","5","5",0,5.52146091786225,3.36729582998647,0,"city",0,1,4,"1","0","0","Guangdong","Saturday","1",0,0,"1","yes and agree","heard and know","heard and know","heard but do not know",10,0,1875,0.46690967267782
3428,"7","7","7",0,4.60517018598809,3.43398720448515,1,"city",1,0,4,"1","0","0","Guangdong","Saturday","0",1,1,"1","yes and agree","heard but do not know","heard but do not know","heard but do not know",2,1,3600,0.357396571614206
2334,"6","6","5",0,3.80666248977032,3.49650756146648,1,"city",1,1,3,"1","1","0","Guangdong","Saturday","0",1,3,"1","yes and agree","heard and know","heard and know","heard and know",12,1,1636,0.29
2439,"7","7","1",0,3.36729582998647,3.36729582998647,0,"city",1,1,3,"1","0","0","Beijing","Monday","1",0,2,"1","yes and agree","heard and know","heard but do not know","heard but do not know",10,1,4200,1.12488827512446
1159,"5","4","3",1,3.91202300542815,3.8286413964891,0,"city",1,1,4,"1","0","0","Beijing","Wednesday","0",1,4,"1","no","never","never","never",2,1,857,0.29
1828,"5","6","5",0,4.44265125649032,3.04452243772342,0,"city",0,0,5,"1","1","0","Guangdong","Tuesday","0",1,0,"0","yes and agree","heard but do not know","never","heard but do not know",2,0,1333,2.07766836253582
2214,"6","6","6",0,4.78749174278205,4.04305126783455,0,"county seat",0,1,4,"0","0","0","Guangdong","Friday","1",0,5,"1","yes but disagree","heard but do not know","never","never",0,1,6188,0.357590705991264
906,"6","6","1",0,4.00733318523247,4.11087386417331,0,"city",0,1,4,"0","1","0","Hebei","Sunday","1",1,2,"1","yes and agree","heard but do not know","heard but do not know","never",0,1,2400,0.29
1661,"6","6","6",0,5.18738580584075,3.43398720448515,0,"county seat",0,1,4,"1","0","0","Hebei","Sunday","1",0,3,"1","yes and agree","heard and know","heard and know","heard and know",0,1,2800,3.36961420810059
180,"7","7","7",0,4.85981240436167,3.97029191355212,0,"rural",0,1,4,"0","0","0","Hebei","Saturday","1",1,0,"1","no","never","never","never",2,0,1650,0.997691698834519
841,"3","4","2",0,3.71357206670431,3.43398720448515,1,"city",0,0,3,"0","0","0","Beijing","Sunday","1",1,0,"1","yes and agree","never","never","never",14,0,2200,0.426155297891374
3389,"6","6","6",0,4.17438726989564,3.49650756146648,0,"city",1,1,3,"1","1","0","Guangdong","Saturday","1",0,4,"1","yes but disagree","heard and know","never","never",8,1,1765,0.29
1519,"7","2","1",0,4.45434729625351,3.71357206670431,0,"county seat",1,1,4,"1","0","0","Guangdong","Saturday","1",0,4,"1","yes but disagree","never","heard but do not know","never",0,1,4267,0.29
2668,"1","1","1",0,3.55534806148941,3.95124371858143,0,"city",1,1,5,"0","0","0","Guangdong","Thursday","1",1,1,"1","yes and agree","heard but do not know","heard but do not know","heard but do not know",2,1,4530,0.374398076209742
1221,"6","6","6",0,4.24849524204936,3.93182563272433,0,"rural",1,1,2,"0","1","0","Beijing","Thursday","1",1,3,"1","no","familiar","never","never",0,1,720,0.365026939537838
809,"6","6","6",0,4.0943445622221,4.07753744390572,0,"city",0,1,4,"0","0","0","Hebei","Sunday","1",1,1,"1","yes and agree","heard and know","never","never",0,1,2420,0.800800689070237
1680,"6","6","6",0,4.58496747867057,3.58351893845611,0,"rural",1,1,4,"1","0","0","Guangdong","Sunday","0",1,7,"1","yes but disagree","never","never","heard but do not know",0,1,2625,0.29
821,"4","4","5",0,4.77068462446567,3.43398720448515,0,"rural",1,1,5,"0","1","0","Hebei","Sunday","1",0,0,"1","yes and agree","heard but do not know","heard but do not know","never",4,0,1400,0.29
2293,"4","4","1",0,5.19295685089021,3.61091791264422,0,"city",1,1,6,"1","0","0","Guangdong","Saturday","1",0,5,"1","yes and agree","heard but do not know","never","never",0,1,3750,0.29
2036,"7","7","7",0,4.24448722065182,3.52636052461616,1,"city",1,1,4,"1","0","0","Guangdong","Wednesday","0",1,7,"1","yes and agree","familiar","familiar","familiar",10,1,1973,0.29
3311,"4","7","7",0,4.48863636973214,3.25809653802148,1,"county seat",0,1,4,"0","0","0","Guangdong","Thursday","0",1,5,"1","yes and agree","heard but do not know","heard but do not know","heard but do not know",6,1,1500,0.536869282371849
1150,"3","4","2",0,5.13579843705026,3.76120011569356,0,"rural",0,1,4,"1","1","0","Hebei","Wednesday","0",0,3,"1","no","heard but do not know","never","never",4,1,1320,1.65966898775267
1003,"7","7","1",0,4.38202663467388,3.55534806148941,1,"county seat",1,1,4,"1","0","1","Hebei","Tuesday","1",0,3,"1","yes and agree","heard but do not know","never","never",0,1,2400,0.29
1651,"4","5","5",0,4.00733318523247,3.17805383034795,0,"county seat",0,0,4,"0","1","0","Beijing","Sunday","1",1,3,"1","yes but disagree","heard but do not know","heard but do not know","heard but do not know",12,1,2045,0.590180185840672
111,"4","4","4",0,4.55387689160054,3.52636052461616,1,"county seat",1,1,5,"1","1","0","Hebei","Saturday","1",0,0,"1","yes and agree","heard and know","heard but do not know","heard but do not know",5,0,2400,0.29
2314,"7","7","7",0,3.80666248977032,3.36729582998647,0,"city",1,1,4,"1","0","0","Guangdong","Saturday","1",0,4,"1","yes and agree","heard but do not know","heard but do not know","heard but do not know",10,1,2967,0.390352736240351
2538,"7","6","1",0,4.44265125649032,3.89182029811063,0,"county seat",1,1,4,"1","0","0","Zhejiang","Tuesday","0",0,3,"1","no","never","never","never",0,1,3600,6.07716237531915
3319,"2","3","2",0,4.24849524204936,3.63758615972639,1,"rural",1,0,5,"0","1","0","Guangdong","Friday","1",1,7,"1","yes and agree","heard and know","heard but do not know","heard but do not know",20,1,3315,0.29
1163,"4","5","5",0,4.35670882668959,3.49650756146648,0,"county seat",0,1,5,"1","1","0","Guangdong","Monday","0",0,6,"1","no","heard but do not know","heard but do not know","never",0,1,2875,0.389552227928835
2636,"6","4","4",0,4.24849524204936,3.3322045101752,0,"city",0,0,5,"1","0","0","Guangdong","Wednesday","1",1,4,"1","no","heard but do not know","heard but do not know","never",2,1,530,0.48898871152122
910,"4","5","4",0,4.60517018598809,4.0943445622221,0,"rural",1,1,2,"1","1","0","Hebei","Monday","1",1,0,"1","no","heard but do not know","never","never",0,0,2200,0.29
2321,"4","2","2",0,4.60517018598809,3.71357206670431,0,"rural",0,1,6,"1","0","0","Guangdong","Saturday","1",0,5,"1","yes and agree","heard but do not know","heard but do not know","heard but do not know",0,1,3769,0.697840596786466
2618,"1","7","1",0,4.78749174278205,2.99573227355399,0,"rural",0,0,4,"1","0","0","Guangdong","Thursday","1",1,0,"1","yes and agree","never","never","never",9,0,818,2.0164038403666
2491,"5","6","5",0,3.98898404656427,3.66356164612965,0,"county seat",0,1,4,"1","0","0","Guangdong","Monday","0",1,7,"1","yes and agree","heard but do not know","heard and know","heard but do not know",0,1,1170,0.831477064267193
2520,"4","4","5",0,4.38202663467388,4.07753744390572,0,"county seat",1,1,4,"1","1","0","Zhejiang","Tuesday","0",0,3,"1","yes and agree","heard and know","never","never",10,1,2800,7.41081346990747
2619,"7","7","7",0,4.89783979995091,3.61091791264422,1,"rural",0,1,4,"1","0","1","Zhejiang","Wednesday","1",0,7,"1","yes and agree","heard and know","heard and know","heard and know",2,1,2427,0.29
1064,"4","2","2",0,3.97029191355212,3.93182563272433,0,"city",1,1,3,"0","0","0","Beijing","Tuesday","1",0,4,"1","yes but disagree","never","never","never",1,1,1091,0.391371918195371
1040,"6","7","5",0,3.55534806148941,3.93182563272433,0,"city",1,1,2,"0","0","0","Beijing","Tuesday","1",1,0,"1","yes but disagree","never","never","never",2,0,3000,0.978987610870783
146,"7","7","7",0,4.74493212836325,3.97029191355212,0,"rural",1,1,5,"0","0","0","Hebei","Saturday","1",1,0,"1","yes but disagree","never","never","never",5,0,2400,0.819571437944908
1219,"5","5","4",1,4.70048036579242,3.8286413964891,0,"rural",1,1,1,"0","0","0","Zhejiang","Thursday","0",0,3,"1","yes and agree","heard but do not know","never","never",0,1,3600,0.456907118101897
814,"7","7","5",0,4.47733681447821,3.97029191355212,0,"county seat",0,1,6,"0","0","0","Hebei","Sunday","1",0,0,"1","yes and agree","heard but do not know","never","never",0,0,2291,1.07992808191841
3056,"7","4","4",1,4.38202663467388,3.46573590279973,1,"city",1,1,5,"1","1","1","Guangdong","Wednesday","1",1,4,"1","yes and agree","heard but do not know","heard but do not know","heard but do not know",14,1,1351,0.29
1108,"2","2","2",0,3.68887945411394,3.40119738166216,0,"city",0,1,5,"0","0","0","Beijing","Wednesday","1",0,3,"1","yes and agree","heard but do not know","never","never",10,1,4320,0.445985331052855
1310,"2","2","3",0,3.68887945411394,4.00733318523247,0,"city",1,1,4,"0","0","0","Beijing","Friday","1",1,4,"1","yes but disagree","heard but do not know","never","never",18,1,3413,0.29
141,"7","7","7",0,4.24849524204936,3.73766961828337,1,"city",0,1,6,"1","0","0","Zhejiang","Saturday","0",0,5,"1","yes but disagree","heard and know","heard and know","heard and know",5,1,2182,0.29
821,"5","6","2",0,4.44265125649032,3.76120011569356,1,"city",1,1,4,"1","0","0","Zhejiang","Sunday","0",0,4,"1","yes and agree","heard and know","heard and know","never",0,1,2167,0.29
1698,"3","4","2",0,4.24849524204936,3.46573590279973,0,"city",1,1,4,"1","0","0","Hebei","Sunday","1",1,0,"1","yes and agree","heard but do not know","never","never",2,0,1733,0.967412193563562
1139,"2","1","1",0,3.80666248977032,3.93182563272433,0,"city",1,1,3,"0","1","0","Beijing","Wednesday","0",1,0,"1","no","heard but do not know","never","never",10,0,2858,0.391371918195371
811,"7","7","7",0,4.68213122712422,3.29583686600433,1,"city",1,0,5,"1","0","0","Hebei","Sunday","1",0,2,"1","yes but disagree","heard but do not know","never","never",8,1,3125,0.427046595145418
2394,"6","4","4",0,4.21950770517611,3.68887945411394,1,"county seat",0,1,3,"1","0","0","Guangdong","Sunday","1",1,4,"1","yes and agree","heard and know","heard but do not know","never",2,1,4696,0.29
3144,"7","7","2",0,4.43081679884331,3.66356164612965,0,"rural",1,1,3,"1","0","0","Guangdong","Wednesday","1",0,5,"1","yes and agree","heard and know","heard and know","heard but do not know",10,1,883,0.29
2611,"7","7","2",0,4.24849524204936,3.25809653802148,0,"city",1,0,3,"0","0","0","Guangdong","Wednesday","0",1,7,"1","yes and agree","heard and know","never","never",4,1,1018,0.446925814010253
861,"2","5","1",0,4.24849524204936,4.17438726989564,0,"city",1,1,4,"0","1","1","Hebei","Sunday","1",1,1,"1","yes and agree","heard but do not know","never","never",1,1,2200,0.29
601,"1","7","7",0,3.91202300542815,3.63758615972639,1,"city",1,1,5,"1","0","1","Zhejiang","Friday","1",0,3,"1","yes and agree","heard but do not know","heard but do not know","never",0,1,4320,0.29
1033,"5","5","2",0,3.73766961828337,3.58351893845611,0,"city",0,0,4,"0","0","0","Beijing","Tuesday","1",1,0,"1","no","never","never","never",8,0,800,0.29
1389,"7","7","7",0,3.68887945411394,3.25809653802148,0,"county seat",1,0,3,"0","0","0","Beijing","Friday","1",1,0,"1","no","never","never","never",10,0,1333,0.446925814010253
186,"7","7","7",0,4.39444915467244,3.52636052461616,0,"city",1,1,4,"1","1","0","Zhejiang","Sunday","0",0,5,"1","yes and agree","heard and know","never","never",3,1,3900,0.29
1584,"6","6","6",0,4.44265125649032,3.76120011569356,0,"rural",1,1,5,"1","0","0","Guangdong","Saturday","1",1,7,"1","no","heard but do not know","never","never",0,1,2674,0.29
1225,"4","2","1",0,3.68887945411394,3.58351893845611,1,"city",1,1,4,"1","0","0","Beijing","Thursday","1",0,4,"1","yes but disagree","heard but do not know","never","never",1,1,2727,0.29
1662,"3","3","2",0,4.60517018598809,3.49650756146648,1,"county seat",0,1,3,"1","0","0","Hebei","Sunday","1",0,4,"1","no","heard but do not know","heard but do not know","never",6,1,1800,0.389552227928835
995,"5","4","5",0,4.70048036579242,3.46573590279973,0,"rural",1,1,4,"0","0","0","Hebei","Saturday","1",1,0,"1","no","never","never","never",0,0,2000,9.5
951,"5","6","6",0,4.24849524204936,3.71357206670431,1,"county seat",1,1,3,"1","0","0","Beijing","Monday","1",0,1,"1","yes and agree","heard but do not know","heard but do not know","never",2,1,1083,0.29
2180,"7","4","1",0,4.48863636973214,3.58351893845611,0,"county seat",0,1,5,"1","0","0","Hebei","Thursday","0",0,0,"1","yes and agree","never","never","never",0,0,2182,2.59169256823733
1132,"5","1","1",0,3.55534806148941,3.91202300542815,0,"city",1,1,2,"0","0","0","Beijing","Wednesday","0",1,0,"1","yes and agree","heard but do not know","never","never",4,0,3850,1.02932536300857
2341,"2","4","4",0,5.01063529409626,3.46573590279973,0,"rural",0,0,6,"0","0","0","Guangdong","Saturday","1",0,4,"1","yes but disagree","heard but do not know","never","never",0,1,4420,0.379719391053881
1663,"7","7","3",0,4.86753445045558,3.13549421592915,0,"county seat",0,1,4,"1","0","0","Hebei","Sunday","1",0,2,"1","no","heard but do not know","never","never",0,1,2167,5.1426688584484
126,"7","7","2",0,4.60517018598809,3.68887945411394,1,"city",1,1,6,"1","0","0","Zhejiang","Saturday","0",0,2,"1","yes and agree","heard but do not know","heard but do not know","never",0,1,3240,0.29
1510,"7","7","7",0,4.38202663467388,3.25809653802148,0,"city",1,1,2,"0","0","0","Guangdong","Saturday","1",0,4,"1","yes and agree","heard and know","heard but do not know","heard but do not know",10,1,3300,0.446925814010253
2621,"6","7","2",0,4.59511985013459,3.73766961828337,0,"city",1,1,3,"1","1","0","Guangdong","Wednesday","1",0,5,"1","yes and agree","heard but do not know","heard but do not know","heard but do not know",0,1,1018,0.593131073837361
1154,"2","2","2",0,4.57471097850338,3.73766961828337,0,"city",1,1,6,"1","0","0","Guangdong","Monday","0",0,5,"1","no","heard but do not know","never","heard and know",0,1,3636,0.593131073837361
2242,"1","7","7",0,4.60517018598809,3.55534806148941,1,"city",0,1,1,"1","0","1","Guangdong","Friday","1",0,7,"1","yes and agree","heard but do not know","heard but do not know","heard but do not know",0,1,2500,0.29
3105,"6","6","6",0,3.98898404656427,3.66356164612965,0,"county seat",0,1,4,"1","0","1","Guangdong","Wednesday","1",1,6,"1","yes and agree","heard and know","heard and know","heard but do not know",10,1,1920,0.29
1334,"5","5","4",0,4.24849524204936,3.8286413964891,0,"county seat",1,1,4,"1","0","0","Beijing","Friday","1",1,2,"1","no","heard but do not know","heard but do not know","never",0,1,1418,0.29
828,"2","4","3",0,4.49980967033027,3.55534806148941,0,"county seat",1,1,7,"1","0","0","Hebei","Sunday","1",0,0,"1","no","never","never","never",0,0,4300,0.833373707099913
916,"5","5","2",0,4.21950770517611,3.97029191355212,0,"city",1,1,5,"1","1","0","Hebei","Sunday","1",0,3,"1","yes and agree","heard but do not know","heard but do not know","heard but do not know",30,1,1200,0.358311938089575
3200,"7","7","7",0,4.36944785246702,3.66356164612965,0,"county seat",1,1,6,"1","0","0","Guangdong","Thursday","1",1,7,"1","yes and agree","heard but do not know","never","never",15,1,5863,0.29
1163,"2","5","1",0,5.01063529409626,4.20469261939097,0,"rural",0,1,2,"0","1","0","Hebei","Wednesday","1",1,3,"1","yes and agree","never","never","never",0,1,800,2.66374842785817
2215,"6","7","6",0,4.60517018598809,4.02535169073515,0,"county seat",1,1,4,"0","0","0","Guangdong","Friday","1",1,5,"1","yes but disagree","heard but do not know","never","heard but do not know",8,1,6115,0.29
999,"2","2","3",0,3.68887945411394,4.04305126783455,0,"city",0,0,2,"0","0","0","Beijing","Tuesday","1",1,4,"1","yes and agree","heard but do not know","heard and know","heard but do not know",3,1,1600,0.357590705991264
1141,"3","3","2",1,5.29831736654804,4.00733318523247,0,"city",0,1,3,"0","0","0","Beijing","Wednesday","0",0,4,"1","yes and agree","never","never","never",2,1,2600,0.976730686161608
2381,"6","6","7",0,4.0943445622221,3.8286413964891,0,"rural",1,1,3,"1","0","0","Guangdong","Sunday","0",1,7,"1","no","never","never","never",0,1,1000,0.456907118101897
1146,"4","7","4",0,4.46590811865458,3.49650756146648,0,"city",1,1,2,"1","0","0","Hebei","Monday","1",1,0,"1","yes and agree","heard but do not know","heard but do not know","heard but do not know",4,0,1950,0.29
1661,"7","7","7",0,4.49980967033027,3.40119738166216,0,"county seat",1,1,4,"1","0","0","Hebei","Sunday","1",0,2,"1","no","heard but do not know","never","never",0,1,1200,1.06955274071959
1192,"4","4","2",0,4.31748811353631,3.8286413964891,0,"city",0,1,6,"1","1","0","Guangdong","Wednesday","0",1,6,"1","yes and agree","heard but do not know","heard but do not know","heard but do not know",20,1,4240,0.29
1681,"6","6","6",0,4.49980967033027,3.89182029811063,0,"city",1,1,4,"0","0","0","Guangdong","Sunday","0",0,7,"1","yes but disagree","heard but do not know","never","never",5,1,4613,0.428181366720944
3201,"7","7","1",0,4.31748811353631,3.73766961828337,1,"city",0,1,4,"1","0","0","Guangdong","Thursday","1",0,4,"1","yes and agree","heard but do not know","heard but do not know","never",15,1,3333,0.29
1652,"3","3","1",0,4.24849524204936,3.68887945411394,1,"city",0,1,3,"1","0","0","Guangdong","Sunday","1",0,7,"1","yes but disagree","heard but do not know","never","never",0,1,2750,0.29
1012,"4","4","2",0,4.24849524204936,3.63758615972639,0,"county seat",1,1,4,"1","1","0","Hebei","Tuesday","1",0,0,"1","yes and agree","heard and know","heard but do not know","never",14,0,1247,0.29
1098,"2","1","2",0,3.91202300542815,3.76120011569356,0,"city",0,1,3,"1","0","0","Beijing","Wednesday","0",1,0,"1","yes but disagree","heard but do not know","heard but do not know","never",2,0,2100,0.29
1311,"6","7","6",0,4.38202663467388,3.55534806148941,0,"county seat",1,1,4,"1","0","0","Guangdong","Friday","1",1,7,"1","yes and agree","heard but do not know","heard but do not know","heard but do not know",0,1,3115,0.833373707099913
1918,"7","7","2",0,4.60517018598809,3.43398720448515,0,"county seat",0,1,4,"0","0","0","Hebei","Tuesday","1",0,0,"1","no","never","never","never",0,0,2200,1.241974008131
3012,"2","7","1",0,4.31748811353631,3.40119738166216,0,"rural",1,1,1,"1","0","0","Guangdong","Wednesday","1",1,0,"1","yes but disagree","heard but do not know","never","never",0,0,5333,0.29
843,"6","5","1",0,4.70048036579242,3.2188758248682,0,"county seat",1,1,5,"0","0","0","Hebei","Sunday","1",1,0,"1","no","never","never","never",0,0,2200,1.37849914778965
2068,"7","7","7",0,3.2188758248682,3.43398720448515,1,"city",1,0,4,"0","0","0","Beijing","Wednesday","1",1,3,"1","yes and agree","heard but do not know","heard but do not know","heard but do not know",10,1,985,0.357396571614206
1318,"6","6","5",0,4.31748811353631,3.76120011569356,1,"city",1,1,4,"1","0","0","Hebei","Friday","1",1,0,"1","yes and agree","heard and know","heard but do not know","heard but do not know",0,0,900,0.29
2509,"7","7","1",0,4.38202663467388,4.15888308335967,0,"county seat",0,1,6,"1","1","0","Zhejiang","Tuesday","0",0,2,"1","yes and agree","heard and know","heard but do not know","heard but do not know",2,1,4545,0.29
1063,"7","7","7",0,4.44265125649032,4.24849524204936,0,"county seat",1,1,4,"0","1","0","Hebei","Tuesday","1",1,2,"1","yes and agree","heard but do not know","never","never",0,1,1650,0.395543471407058
1339,"2","4","4",0,4.0943445622221,3.95124371858143,1,"city",1,0,4,"0","0","0","Beijing","Friday","1",1,4,"1","yes and agree","heard but do not know","heard and know","heard but do not know",2,1,1320,0.29
1482,"3","3","4",0,4.60517018598809,3.71357206670431,0,"city",1,1,4,"1","0","0","Hebei","Saturday","1",0,4,"1","no","heard but do not know","heard but do not know","heard but do not know",2,1,2400,0.29
1191,"6","6","6",0,4.49980967033027,4.0943445622221,0,"rural",1,1,4,"0","1","0","Guangdong","Monday","0",1,1,"1","no","never","never","never",9,1,4154,0.29
2154,"2","4","3",0,4.49980967033027,2.99573227355399,0,"rural",1,0,3,"1","1","0","Beijing","Thursday","1",1,2,"1","yes and agree","heard but do not know","heard but do not know","heard but do not know",3,1,9465,4.49770414000768
2458,"5","7","3",0,4.31748811353631,3.40119738166216,1,"county seat",1,0,3,"0","0","0","Guangdong","Monday","0",1,7,"1","yes and agree","heard but do not know","never","never",7,1,3571,0.373432195785504
1509,"7","7","7",0,4.78749174278205,3.52636052461616,1,"rural",0,1,4,"1","0","0","Hebei","Saturday","1",1,0,"1","yes and agree","heard but do not know","heard but do not know","never",2,0,2250,0.29
2203,"4","4","4",0,4.9416424226093,3.3322045101752,1,"county seat",1,1,4,"1","0","0","Zhejiang","Thursday","1",0,4,"1","yes and agree","heard and know","heard and know","heard but do not know",3,1,1696,0.408207026552079
1165,"6","6","6",0,5.19295685089021,3.58351893845611,0,"rural",1,1,4,"0","0","0","Hebei","Wednesday","1",0,3,"1","no","never","never","never",0,1,3150,1.94283285423945
1688,"6","6","6",0,4.58496747867057,3.49650756146648,0,"rural",0,1,5,"1","1","0","Guangdong","Sunday","0",1,7,"1","no","never","never","never",0,1,583,0.363354956967457
623,"7","7","7",0,4.49980967033027,4.04305126783455,0,"county seat",1,1,4,"0","1","0","Hebei","Friday","1",0,0,"1","no","never","never","never",6,0,2509,0.727670759038803
1212,"2","2","5",0,4.9416424226093,3.63758615972639,0,"rural",1,1,5,"0","0","0","Guangdong","Thursday","1",0,4,"1","yes and agree","never","never","never",0,1,6480,0.29
119,"7","2","1",0,4.56434819146784,3.29583686600433,1,"city",1,1,3,"0","0","0","Beijing","Saturday","1",0,3,"1","no","never","never","never",11,1,960,0.427046595145418
984,"5","5","3",0,3.68887945411394,3.78418963391826,0,"city",0,1,4,"1","0","0","Beijing","Monday","1",1,4,"1","yes but disagree","heard but do not know","heard but do not know","heard but do not know",6,1,2400,0.29
3004,"1","3","2",0,4.60517018598809,3.58351893845611,0,"county seat",0,1,5,"1","1","0","Zhejiang","Tuesday","1",0,4,"1","no","heard but do not know","never","never",0,1,2678,0.29
946,"5","1","1",0,2.83321334405622,4.00733318523247,0,"city",1,1,4,"0","0","0","Beijing","Monday","1",1,7,"1","no","heard but do not know","never","never",2,1,2420,0.29
1024,"2","2","2",0,3.87120101090789,3.80666248977032,1,"city",0,1,5,"1","0","0","Beijing","Tuesday","1",1,4,"1","no","heard but do not know","heard but do not know","never",10,1,1418,0.29
2641,"2","2","1",0,4.17438726989564,3.52636052461616,0,"city",1,1,4,"0","0","0","Guangdong","Wednesday","0",1,3,"1","yes and agree","heard but do not know","heard but do not know","heard but do not know",8,1,1831,0.29
1686,"5","6","3",0,4.38202663467388,3.93182563272433,0,"county seat",0,1,5,"0","1","0","Hebei","Sunday","1",1,3,"0","no","never","never","never",3,1,1400,1.19482951909191
1011,"4","7","4",0,3.55534806148941,3.87120101090789,1,"city",1,1,4,"0","0","0","Guangdong","Tuesday","1",1,6,"1","yes and agree","heard and know","never","never",2,1,6614,0.29
1152,"6","6","6",0,4.78749174278205,3.58351893845611,0,"rural",0,1,4,"0","0","0","Hebei","Wednesday","1",1,1,"1","no","never","never","never",0,1,3150,2.38674340621992
1658,"5","5","6",0,5.01063529409626,3.80666248977032,0,"city",1,1,6,"1","0","0","Zhejiang","Sunday","1",0,2,"1","yes and agree","familiar","familiar","familiar",7,1,5417,0.29
385,"7","6","6",0,4.90527477843843,2.99573227355399,1,"city",1,0,4,"1","1","0","Guangdong","Thursday","1",0,7,"1","yes and agree","heard and know","heard but do not know","heard but do not know",10,1,6000,0.591478324546551
1813,"7","7","7",1,4.31748811353631,3.71357206670431,0,"city",0,1,4,"1","1","0","Hebei","Monday","1",0,0,"1","yes and agree","heard and know","heard and know","heard and know",0,0,2000,0.29
2349,"6","6","6",0,4.70048036579242,3.46573590279973,0,"rural",0,1,5,"1","0","0","Guangdong","Saturday","0",0,7,"1","yes but disagree","never","never","heard but do not know",0,1,2535,2.94280958926656
2254,"6","6","6",0,4.53259949315326,3.09104245335832,1,"county seat",1,0,6,"1","0","0","Guangdong","Friday","0",0,0,"1","yes and agree","heard and know","heard and know","heard and know",0,0,5362,0.538035190623942
1326,"2","2","1",0,5.19295685089021,2.56494935746154,0,"rural",1,0,4,"1","0","0","Beijing","Friday","1",1,3,"1","no","never","never","never",0,1,2100,6.52022778875494
2411,"4","2","2",0,4.02535169073515,3.58351893845611,0,"county seat",1,1,2,"1","1","0","Guangdong","Sunday","0",1,4,"1","yes and agree","heard but do not know","heard but do not know","never",14,1,4190,0.29
104,"4","5","6",0,4.44265125649032,3.66356164612965,1,"county seat",1,1,5,"1","0","0","Hebei","Friday","0",0,0,"1","yes and agree","heard but do not know","never","never",3,0,3125,0.29
985,"4","1","2",0,3.91202300542815,4.07753744390572,0,"city",0,1,5,"1","0","0","Beijing","Monday","1",1,0,"1","yes and agree","heard but do not know","heard but do not know","never",6,0,1320,0.29
1036,"5","6","5",0,3.58351893845611,3.49650756146648,0,"county seat",1,1,3,"0","0","1","Beijing","Tuesday","1",1,0,"1","no","heard but do not know","heard but do not know","never",2,0,1091,0.29
1124,"5","5","5",0,5.07517381523383,3.97029191355212,0,"rural",0,1,3,"0","1","0","Hebei","Wednesday","1",1,3,"1","yes and agree","heard but do not know","never","never",0,1,2600,0.398026966846938
1388,"1","2","1",0,5.19295685089021,3.91202300542815,0,"rural",0,1,6,"0","0","0","Beijing","Friday","0",1,4,"1","no","heard but do not know","never","never",0,1,3600,0.455941939130763
1039,"2","3","3",0,3.46573590279973,4.06044301054642,0,"city",0,1,3,"0","0","0","Beijing","Tuesday","1",1,0,"1","yes and agree","heard and know","heard and know","never",1,0,1000,4.65015282022519
816,"3","7","2",0,4.38202663467388,3.55534806148941,0,"city",0,1,6,"1","1","0","Zhejiang","Sunday","0",0,2,"1","yes but disagree","heard and know","heard and know","heard and know",1,1,1929,0.29
2963,"7","7","4",0,5.29831736654804,3.78418963391826,0,"rural",0,1,3,"1","1","0","Zhejiang","Monday","1",0,3,"1","yes and agree","heard and know","heard but do not know","never",0,1,3850,0.603923186948272
2341,"7","7","5",0,3.91202300542815,3.3322045101752,0,"city",1,0,4,"1","0","0","Guangdong","Saturday","0",1,1,"1","yes and agree","heard and know","heard but do not know","heard but do not know",12,1,1901,0.408207026552079
395,"2","2","1",1,5.19295685089021,3.40119738166216,0,"rural",0,1,1,"1","0","0","Hebei","Thursday","1",0,7,"1","yes but disagree","heard but do not know","heard but do not know","never",0,1,7420,0.415207278514148
622,"7","7","2",1,3.80666248977032,3.76120011569356,1,"city",1,1,6,"1","0","0","Zhejiang","Friday","1",0,3,"1","yes and agree","heard and know","never","heard and know",0,1,2400,0.29
3143,"7","7","7",0,4.21950770517611,3.87120101090789,0,"city",1,1,5,"1","0","0","Guangdong","Wednesday","1",1,6,"1","yes and agree","familiar","familiar","heard and know",12,1,5357,0.29
1612,"5","6","6",0,4.38202663467388,3.04452243772342,1,"county seat",0,0,4,"0","0","0","Beijing","Saturday","1",1,0,"1","yes and agree","heard but do not know","heard but do not know","heard but do not know",10,0,1225,0.681694532917722
2531,"7","7","1",0,5.01063529409626,4.18965474202643,0,"county seat",1,1,4,"0","1","0","Zhejiang","Tuesday","0",0,3,"1","yes and agree","heard but do not know","never","never",0,1,5000,0.47433696325933
1041,"2","4","3",0,4.49980967033027,3.89182029811063,1,"county seat",0,1,4,"0","0","0","Hebei","Tuesday","1",0,0,"1","yes and agree","heard but do not know","heard but do not know","never",14,0,1875,0.29
1218,"6","6","6",0,4.00733318523247,3.40119738166216,0,"county seat",1,1,4,"1","0","0","Beijing","Thursday","1",1,2,"1","yes and agree","heard but do not know","heard but do not know","heard but do not know",4,1,2667,0.373432195785504
2692,"1","7","1",0,3.91202300542815,3.52636052461616,0,"county seat",1,1,4,"0","0","0","Guangdong","Thursday","1",1,5,"1","yes and agree","heard and know","heard and know","heard but do not know",10,1,2622,0.29
1486,"7","1","1",0,4.15888308335967,3.49650756146648,0,"city",0,1,4,"1","0","0","Guangdong","Saturday","1",1,7,"1","yes and agree","heard and know","never","never",14,1,3500,0.389552227928835
2318,"4","7","4",0,4.24849524204936,3.43398720448515,1,"city",1,1,2,"1","0","0","Hebei","Saturday","1",1,1,"1","yes and agree","never","never","never",2,1,1628,0.357396571614206
1249,"5","3","4",0,4.31748811353631,3.3322045101752,0,"rural",0,0,3,"0","0","0","Guangdong","Thursday","1",1,4,"1","yes and agree","heard but do not know","heard but do not know","never",12,1,1500,0.45471999336061
2314,"7","6","4",0,4.00733318523247,3.52636052461616,0,"city",1,0,5,"0","0","0","Beijing","Saturday","1",1,0,"1","yes but disagree","heard but do not know","never","never",6,0,1486,0.29
2518,"7","7","7",0,4.44265125649032,3.58351893845611,1,"city",1,1,7,"1","0","0","Guangdong","Tuesday","1",0,7,"1","yes and agree","heard and know","never","heard but do not know",15,1,5357,0.29
1134,"6","3","2",1,4.24849524204936,3.97029191355212,0,"city",1,1,3,"0","0","0","Beijing","Wednesday","0",1,0,"1","no","never","never","never",16,0,2800,0.358311938089575
1466,"6","6","6",0,5.29831736654804,4.36944785246702,0,"rural",0,1,4,"0","1","0","Hebei","Saturday","1",1,3,"1","yes and agree","heard and know","heard and know","heard and know",0,1,1300,0.29
121,"2","4","1",0,4.60517018598809,4.07753744390572,0,"rural",1,1,5,"1","1","0","Hebei","Saturday","1",1,0,"0","no","never","never","never",2,0,1875,0.612176017921065
1111,"1","2","1",0,4.60517018598809,3.85014760171006,0,"rural",1,1,1,"0","0","0","Beijing","Wednesday","1",1,0,"1","yes and agree","heard but do not know","never","never",0,0,2080,1.10583714859619
1082,"5","4","4",0,4.02535169073515,4.17438726989564,0,"city",1,1,3,"1","0","0","Beijing","Tuesday","1",1,0,"1","no","never","never","never",2,0,780,0.496825872670163
2399,"4","4","4",0,4.55387689160054,3.71357206670431,0,"county seat",1,1,4,"1","0","0","Guangdong","Sunday","0",0,3,"1","no","never","never","never",0,1,2232,1.62766381677959
2952,"6","4","5",0,5.28826703069454,3.09104245335832,0,"rural",0,0,3,"1","0","0","Zhejiang","Monday","1",0,0,"0","yes but disagree","never","heard but do not know","heard but do not know",7,0,1407,0.602236548090819
1222,"7","7","4",0,3.68887945411394,4.02535169073515,0,"county seat",1,0,2,"0","0","0","Beijing","Thursday","1",1,1,"1","no","never","never","never",0,1,2600,0.764139741732958
1066,"2","2","2",0,3.63758615972639,4.12713438504509,0,"city",0,1,3,"0","1","0","Beijing","Tuesday","1",1,0,"1","yes and agree","heard but do not know","heard but do not know","never",14,0,1956,0.29
101,"1","1","2",0,3.91202300542815,3.25809653802148,1,"city",0,1,3,"1","1","0","Guangdong","Friday","1",1,0,"1","yes but disagree","familiar","heard but do not know","heard but do not know",8,0,1176,0.536869282371849
1035,"4","4","2",0,3.97029191355212,3.93182563272433,0,"city",1,1,5,"0","0","0","Beijing","Tuesday","1",0,4,"1","no","never","never","never",2,1,1800,0.29
1144,"6","6","5",0,5.06259503302697,4.21950770517611,0,"rural",0,1,3,"0","1","0","Hebei","Wednesday","0",1,2,"1","no","never","never","never",0,1,2182,2.52793305234581
593,"7","4","1",1,4.02535169073515,3.40119738166216,1,"rural",0,1,3,"0","0","0","Beijing","Thursday","0",1,1,"1","yes and agree","heard but do not know","heard but do not know","heard but do not know",10,1,2400,0.415207278514148
122,"1","1","1",0,3.97029191355212,3.25809653802148,1,"city",1,1,3,"1","1","0","Guangdong","Saturday","1",1,0,"1","yes but disagree","heard and know","heard and know","heard and know",6,0,857,0.446925814010253
943,"4","7","4",0,4.17438726989564,3.46573590279973,0,"city",1,1,3,"0","0","0","Hebei","Monday","1",1,0,"1","yes and agree","heard and know","never","never",2,0,1714,0.29
1128,"6","6","6",0,4.60517018598809,4.12713438504509,0,"rural",1,0,4,"0","1","0","Hebei","Wednesday","1",1,4,"0","yes and agree","never","never","never",0,1,1650,0.531008301202758
929,"1","1","1",0,3.73766961828337,4.06044301054642,0,"city",0,0,1,"0","0","0","Beijing","Sunday","0",1,0,"1","no","never","never","never",0,0,1200,0.29
600,"7","7","7",1,4.21950770517611,3.78418963391826,0,"county seat",0,1,4,"1","0","0","Hebei","Friday","0",0,0,"1","yes and agree","heard but do not know","heard but do not know","never",2,0,4800,1.70972336206423
922,"4","4","5",0,3.68887945411394,3.97029191355212,0,"city",1,1,4,"1","0","0","Beijing","Sunday","1",1,0,"1","no","heard but do not know","heard but do not know","heard but do not know",10,0,2860,0.358311938089575
816,"1","1","1",0,4.48863636973214,3.58351893845611,0,"rural",1,1,4,"1","1","0","Beijing","Sunday","1",1,3,"1","yes and agree","heard but do not know","never","never",2,1,1625,0.734314968914343
131,"5","3","4",0,4.44265125649032,3.52636052461616,0,"county seat",0,0,2,"0","1","0","Hebei","Saturday","1",1,0,"1","yes and agree","heard but do not know","never","never",0,0,1500,2.87804943827722
3339,"4","2","4",0,4.49980967033027,3.36729582998647,0,"county seat",1,1,2,"1","0","0","Guangdong","Friday","1",0,5,"1","yes and agree","heard but do not know","never","heard but do not know",0,1,4725,0.390352736240351
1158,"5","6","4",0,4.38202663467388,3.73766961828337,0,"county seat",1,1,3,"1","0","0","Beijing","Wednesday","1",1,3,"1","yes but disagree","heard but do not know","heard but do not know","heard but do not know",12,1,2276,0.29
941,"7","7","7",0,4.04305126783455,4.12713438504509,0,"city",1,1,4,"0","1","0","Hebei","Monday","1",1,1,"1","no","heard and know","never","never",0,1,720,0.29
994,"2","7","1",0,3.68887945411394,3.89182029811063,0,"city",0,1,3,"1","0","0","Beijing","Tuesday","1",0,0,"1","yes and agree","heard and know","never","never",0,0,2058,0.29
1454,"7","7","4",0,5.01063529409626,3.40119738166216,0,"rural",1,1,4,"1","0","0","Hebei","Saturday","1",0,3,"1","no","heard but do not know","never","never",0,1,1400,0.29
1352,"4","4","4",0,4.31748811353631,3.46573590279973,0,"county seat",1,1,5,"1","0","0","Guangdong","Friday","1",0,3,"1","yes but disagree","never","never","never",0,1,3000,0.29
1083,"1","2","2",0,3.68887945411394,4.07753744390572,0,"rural",0,1,4,"0","0","1","Beijing","Tuesday","1",1,0,"1","no","heard but do not know","never","never",0,0,4400,0.29
3241,"7","5","3",0,4.36944785246702,3.36729582998647,0,"county seat",1,1,6,"1","0","0","Guangdong","Thursday","1",0,5,"1","yes and agree","never","never","never",0,1,3105,3.04054345834172
3094,"7","7","4",0,4.60517018598809,3.91202300542815,1,"county seat",1,1,5,"0","0","0","Guangdong","Wednesday","0",0,6,"1","yes and agree","heard and know","never","never",10,1,3385,0.29
885,"4","5","5",0,4.24849524204936,4.14313472639153,0,"city",1,1,5,"1","1","0","Hebei","Sunday","0",0,0,"1","yes and agree","heard but do not know","heard but do not know","heard but do not know",3,0,2200,0.29
1115,"7","7","4",1,3.68887945411394,3.49650756146648,0,"city",1,1,4,"1","0","0","Beijing","Wednesday","0",0,0,"1","no","heard and know","never","never",2,0,2818,0.29
1839,"1","1","1",0,3.91202300542815,3.61091791264422,0,"county seat",0,1,1,"1","0","0","Guangdong","Tuesday","0",1,3,"1","yes but disagree","heard but do not know","never","never",0,1,347,0.918200648896206
2505,"7","7","1",0,4.78749174278205,4.02535169073515,0,"county seat",1,1,5,"1","1","0","Zhejiang","Tuesday","0",0,3,"1","yes but disagree","never","never","never",0,1,3600,4.19349705907806
2162,"7","7","7",0,4.21950770517611,3.49650756146648,0,"city",1,1,3,"1","0","0","Hebei","Thursday","0",1,0,"1","yes but disagree","heard but do not know","never","never",10,0,1972,0.29
2398,"7","7","7",0,3.80666248977032,3.49650756146648,1,"county seat",1,1,2,"1","0","0","Guangdong","Sunday","1",1,5,"1","no","heard but do not know","never","never",14,1,675,0.29
193,"3","4","3",0,4.66343909411207,3.09104245335832,0,"city",0,0,3,"1","0","0","Hebei","Sunday","1",1,0,"1","yes and agree","heard and know","heard but do not know","never",20,0,3015,5.42277685813814
162,"7","7","1",1,4.24849524204936,4.0943445622221,0,"city",1,1,5,"1","1","0","Hebei","Saturday","1",1,1,"1","yes and agree","heard but do not know","heard but do not know","heard but do not know",0,1,1400,0.29
1220,"1","5","1",0,5.07517381523383,3.76120011569356,0,"rural",1,1,4,"1","1","0","Zhejiang","Thursday","0",0,4,"1","yes and agree","heard and know","heard but do not know","never",0,1,6480,0.29
1204,"7","5","6",0,5.01063529409626,4.11087386417331,0,"rural",1,1,4,"1","1","0","Zhejiang","Thursday","0",0,3,"1","no","never","never","never",0,1,4267,2.96544933178523
3321,"7","7","2",0,4.27666611901606,3.49650756146648,1,"county seat",0,1,4,"1","1","0","Guangdong","Thursday","1",0,1,"1","yes and agree","heard and know","heard but do not know","heard but do not know",4,1,1625,0.389552227928835
2312,"5","3","4",0,4.46590811865458,2.89037175789616,0,"city",0,0,1,"1","1","0","Guangdong","Saturday","1",1,3,"1","yes and agree","heard and know","never","never",2,1,1143,2.4292807345692
2645,"4","4","4",0,3.68887945411394,3.3322045101752,1,"city",1,0,4,"0","1","0","Guangdong","Wednesday","1",1,7,"1","yes and agree","heard and know","heard and know","heard and know",10,1,758,0.408207026552079
1408,"5","5","3",0,3.40119738166216,3.80666248977032,0,"city",1,1,3,"1","0","0","Beijing","Saturday","1",1,4,"1","yes but disagree","heard but do not know","never","never",4,1,1200,0.29
3116,"3","7","1",1,4.61512051684126,3.2188758248682,0,"county seat",0,0,4,"0","1","0","Guangdong","Thursday","1",0,4,"1","yes and agree","heard and know","heard and know","heard but do not know",12,1,4826,0.562809000235141
1113,"7","6","6",0,3.91202300542815,4.0943445622221,0,"city",0,1,2,"0","1","0","Guangdong","Wednesday","1",1,7,"1","yes but disagree","heard and know","heard but do not know","heard but do not know",3,1,3520,0.29
3126,"7","7","7",0,4.38202663467388,3.46573590279973,1,"county seat",1,1,5,"0","0","0","Guangdong","Wednesday","1",1,5,"1","yes and agree","heard but do not know","heard but do not know","heard but do not know",20,1,10202,0.29
2461,"6","7","5",0,4.33073334028633,3.43398720448515,0,"city",1,1,4,"1","1","0","Hebei","Monday","1",0,7,"1","yes and agree","heard but do not know","never","never",2,1,1615,0.357396571614206
1135,"7","7","7",0,5.01063529409626,4.29045944114839,0,"rural",1,1,3,"0","1","0","Hebei","Wednesday","1",1,3,"1","no","never","never","never",0,1,150,1.58824844458593
1324,"3","4","2",0,5.07517381523383,3.09104245335832,0,"rural",1,0,3,"0","0","0","Guangdong","Friday","1",1,0,"1","yes and agree","heard and know","never","never",2,0,4838,0.49978527711044
3114,"7","5","2",0,4.36944785246702,3.36729582998647,1,"city",1,0,4,"0","0","0","Guangdong","Wednesday","1",1,2,"0","yes and agree","heard but do not know","never","never",10,1,2370,0.390352736240351
198,"6","7","4",0,3.91202300542815,3.63758615972639,0,"city",1,1,4,"1","0","0","Zhejiang","Sunday","0",0,3,"1","yes and agree","never","never","heard but do not know",6,1,1250,0.719284534475195
3163,"6","6","6",0,4.98360662170834,3.49650756146648,1,"county seat",1,0,4,"0","1","0","Guangdong","Wednesday","0",1,4,"1","yes but disagree","heard but do not know","heard and know","heard and know",0,1,1846,0.29
1438,"4","2","2",0,5.85793315448346,3.52636052461616,0,"rural",1,1,3,"1","0","0","Hebei","Saturday","1",0,4,"1","yes but disagree","heard but do not know","never","never",6,1,1650,2.15559987338665
2631,"7","7","2",0,4.38202663467388,3.66356164612965,0,"city",1,1,5,"1","1","0","Guangdong","Wednesday","0",1,4,"1","yes and agree","heard and know","heard but do not know","heard but do not know",2,1,4430,0.29
913,"1","1","1",0,4.72738781871234,4.00733318523247,0,"rural",1,1,1,"0","0","0","Beijing","Sunday","1",1,4,"1","yes and agree","heard and know","never","never",0,1,1320,4.06776977073636
143,"6","6","4",0,4.33073334028633,3.63758615972639,1,"city",0,1,1,"1","0","0","Zhejiang","Saturday","1",1,2,"1","yes and agree","heard but do not know","heard but do not know","heard but do not know",0,1,1796,0.29
1610,"4","4","4",0,4.70048036579242,3.58351893845611,0,"county seat",0,1,5,"1","0","1","Hebei","Sunday","1",0,2,"1","yes and agree","heard but do not know","heard but do not know","never",0,1,2708,0.965183909066345
609,"4","5","4",1,4.53259949315326,3.97029191355212,0,"rural",1,1,2,"0","0","0","Hebei","Friday","1",1,0,"1","yes and agree","heard but do not know","never","never",0,0,3058,0.819571437944908
2620,"7","7","1",0,3.97029191355212,3.58351893845611,1,"city",1,1,2,"1","0","0","Guangdong","Wednesday","0",1,7,"1","yes and agree","heard but do not know","never","never",4,1,4167,0.29
1321,"4","7","4",0,4.40671924726425,3.43398720448515,1,"city",0,1,4,"1","0","0","Beijing","Friday","1",0,0,"1","yes and agree","heard and know","heard but do not know","heard but do not know",10,0,671,0.426155297891374
3091,"4","4","4",0,4.55387689160054,3.09104245335832,0,"rural",0,0,4,"0","0","0","Guangdong","Wednesday","1",1,7,"1","yes and agree","heard and know","heard and know","never",12,1,1421,1.81781554844494
1859,"6","6","6",0,3.80666248977032,3.43398720448515,0,"city",1,1,2,"0","0","0","Guangdong","Tuesday","0",0,5,"1","no","never","never","never",0,1,1667,0.357396571614206
1131,"5","5","5",0,4.44265125649032,3.49650756146648,0,"county seat",0,1,5,"1","0","0","Guangdong","Monday","0",0,3,"1","yes and agree","heard but do not know","heard but do not know","never",0,1,2000,0.389552227928835
2208,"2","2","1",0,3.68887945411394,3.43398720448515,1,"county seat",1,0,4,"0","0","0","Guangdong","Thursday","1",1,3,"1","yes but disagree","never","never","never",10,1,2321,0.357396571614206
2469,"4","7","7",0,4.02535169073515,3.66356164612965,0,"county seat",0,1,2,"1","0","1","Guangdong","Monday","0",1,7,"1","yes and agree","heard and know","heard and know","heard and know",10,1,2347,0.29
3348,"7","7","7",0,3.68887945411394,2.99573227355399,0,"rural",0,0,4,"1","1","0","Guangdong","Friday","1",1,0,"1","yes and agree","heard and know","heard and know","heard and know",0,0,1359,2.0164038403666
1139,"4","4","4",0,4.86753445045558,3.73766961828337,0,"rural",0,1,6,"1","1","0","Guangdong","Monday","0",0,5,"1","yes and agree","never","heard but do not know","never",0,1,11111,0.664838949731211
1819,"2","4","5",1,4.74493212836325,3.04452243772342,1,"city",1,0,3,"0","0","0","Zhejiang","Tuesday","1",0,4,"1","yes and agree","heard and know","heard but do not know","heard but do not know",8,1,1500,0.564039248433492
1269,"2","2","1",0,5.19295685089021,2.63905732961526,0,"rural",0,0,6,"1","1","0","Beijing","Thursday","1",1,3,"1","yes and agree","never","never","never",14,1,2100,7.62989449113376
2995,"4","4","4",0,4.38202663467388,3.66356164612965,0,"city",1,1,6,"1","0","0","Guangdong","Tuesday","1",0,5,"1","yes and agree","heard but do not know","never","never",0,1,1560,0.685161404941599
2335,"7","7","7",0,3.91202300542815,3.43398720448515,0,"city",0,0,1,"0","0","0","Hebei","Saturday","1",1,0,"1","yes and agree","never","never","never",0,0,2200,1.241974008131
3131,"7","7","7",0,4.55387689160054,3.40119738166216,1,"city",1,0,3,"1","1","0","Guangdong","Wednesday","1",0,6,"1","yes and agree","heard but do not know","heard but do not know","heard but do not know",5,1,893,0.373432195785504
1161,"4","4","2",1,4.86753445045558,3.63758615972639,0,"rural",0,1,3,"1","0","0","Hebei","Wednesday","0",0,3,"1","no","never","never","never",4,1,2625,2.15043174265372
1135,"5","5","7",0,4.86753445045558,3.55534806148941,0,"rural",0,1,5,"1","0","0","Guangdong","Monday","0",0,4,"1","yes and agree","heard and know","never","never",0,1,4667,0.29
1229,"2","2","3",1,4.60517018598809,3.71357206670431,0,"rural",0,1,4,"1","0","0","Zhejiang","Thursday","0",0,2,"1","yes but disagree","heard but do not know","never","never",0,1,2133,0.697840596786466
2662,"4","1","1",0,3.40119738166216,3.09104245335832,1,"city",0,0,3,"0","0","0","Guangdong","Wednesday","0",1,0,"1","yes and agree","heard but do not know","heard but do not know","heard but do not know",0,0,358,0.649537298301348
803,"1","4","1",0,3.93182563272433,3.73766961828337,0,"county seat",1,1,6,"1","0","0","Beijing","Sunday","1",0,4,"1","no","heard but do not know","never","never",6,1,2800,1.54603395300811
991,"4","2","2",0,3.91202300542815,4.06044301054642,0,"city",0,1,1,"0","0","0","Beijing","Tuesday","1",1,0,"1","yes but disagree","heard but do not know","heard but do not know","heard but do not know",10,0,4200,0.29
580,"1","3","2",0,4.80402104473326,3.68887945411394,0,"county seat",1,1,5,"1","0","0","Hebei","Thursday","0",1,2,"1","yes and agree","heard but do not know","never","never",2,1,4100,0.652822858651694
1322,"1","1","1",0,3.68887945411394,4.02535169073515,1,"city",0,0,4,"0","0","0","Beijing","Friday","1",1,4,"1","yes and agree","heard but do not know","heard but do not know","never",4,1,2000,0.29
1924,"7","7","5",0,3.97029191355212,3.76120011569356,0,"city",0,0,3,"0","0","0","Beijing","Tuesday","0",1,3,"1","yes and agree","heard and know","never","never",12,1,600,0.29
1264,"2","2","2",0,4.60517018598809,3.95124371858143,0,"rural",0,1,4,"0","1","0","Beijing","Thursday","1",1,3,"1","yes and agree","heard but do not know","never","heard but do not know",0,1,2400,1.04906162482667
3434,"6","2","2",0,4.20469261939097,3.49650756146648,1,"county seat",0,0,4,"1","0","0","Guangdong","Saturday","1",1,2,"1","yes and agree","heard but do not know","heard but do not know","heard but do not know",2,1,1404,0.389552227928835
1140,"4","4","4",0,4.17438726989564,4.17438726989564,0,"city",1,0,2,"0","1","0","Hebei","Monday","1",1,0,"1","yes and agree","never","never","never",0,0,1400,0.496825872670163
2386,"4","2","2",0,4.78749174278205,3.68887945411394,0,"city",0,1,6,"1","0","1","Guangdong","Sunday","0",0,5,"1","yes and agree","heard and know","never","never",0,1,12800,0.29
1109,"5","5","4",0,4.06044301054642,3.76120011569356,0,"county seat",1,1,4,"0","0","0","Beijing","Wednesday","1",1,3,"1","no","heard but do not know","never","heard but do not know",2,1,1418,1.468673196117
1058,"2","2","1",0,4.00733318523247,3.58351893845611,0,"city",1,1,3,"1","0","0","Beijing","Tuesday","1",1,3,"1","no","heard but do not know","never","never",2,1,715,0.793283902512309
3325,"5","4","1",0,4.55387689160054,3.17805383034795,1,"county seat",1,0,4,"0","0","0","Guangdong","Thursday","1",0,3,"1","yes and agree","heard but do not know","heard but do not know","heard but do not know",15,1,1768,0.490035858521876
311,"5","2","5",0,4.48863636973214,3.43398720448515,1,"city",0,1,6,"0","0","0","Guangdong","Thursday","1",1,0,"1","yes and agree","heard and know","heard and know","heard and know",10,0,3333,0.426155297891374
156,"6","6","6",1,4.0943445622221,3.66356164612965,1,"city",0,1,1,"1","1","0","Zhejiang","Saturday","0",0,3,"1","yes and agree","heard but do not know","never","never",0,1,2667,0.29
1068,"7","7","7",0,4.0943445622221,3.87120101090789,0,"city",0,1,4,"1","0","0","Guangdong","Tuesday","1",1,5,"1","yes but disagree","heard and know","heard but do not know","heard but do not know",20,1,5077,0.29
1211,"7","7","1",0,4.86753445045558,3.98898404656427,0,"rural",1,1,4,"1","0","0","Zhejiang","Thursday","0",0,3,"1","yes but disagree","heard but do not know","never","heard but do not know",0,1,4267,0.780203469208694
1091,"4","4","4",0,4.0943445622221,3.55534806148941,0,"county seat",1,1,3,"1","0","0","Beijing","Wednesday","1",1,2,"1","yes and agree","never","heard but do not know","heard but do not know",2,1,2182,0.833373707099913
1463,"5","5","5",0,4.47733681447821,3.85014760171006,1,"city",0,1,3,"1","0","0","Hebei","Saturday","1",0,3,"1","yes and agree","heard but do not know","heard but do not know","never",6,1,1250,0.29
2389,"6","6","6",0,3.80666248977032,3.68887945411394,0,"rural",1,1,4,"1","0","0","Guangdong","Sunday","0",0,7,"0","yes but disagree","heard but do not know","heard but do not know","heard and know",0,1,1200,1.58010954339234
1118,"2","2","1",0,4.0943445622221,4.06044301054642,0,"rural",1,1,2,"1","0","0","Beijing","Wednesday","1",1,3,"1","no","never","never","never",0,1,1859,3.47229660269936
1100,"7","7","7",0,4.86753445045558,4.06044301054642,0,"rural",1,1,5,"1","1","0","Zhejiang","Wednesday","1",0,3,"1","no","never","never","never",1,1,2400,0.642271492731298
2259,"6","5","6",1,4.86753445045558,3.95124371858143,0,"rural",0,1,2,"1","1","0","Guangdong","Friday","1",0,5,"1","yes and agree","heard but do not know","never","heard and know",0,1,4800,0.416304754962988
541,"5","7","7",0,4.56434819146784,3.43398720448515,1,"county seat",1,1,6,"1","0","0","Hebei","Wednesday","1",0,1,"1","yes and agree","heard and know","never","never",6,1,6400,0.357396571614206
926,"1","7","1",0,4.84418708645859,3.66356164612965,0,"county seat",0,1,4,"1","0","0","Beijing","Sunday","1",0,3,"1","no","heard but do not know","never","never",2,1,6514,0.29
3112,"4","7","1",0,4.07753744390572,3.85014760171006,0,"county seat",1,1,1,"1","0","0","Guangdong","Wednesday","1",1,5,"1","yes and agree","heard and know","heard but do not know","heard but do not know",10,1,7604,0.29
1102,"2","4","2",0,4.60517018598809,3.8286413964891,0,"rural",1,1,1,"0","0","0","Zhejiang","Wednesday","1",1,4,"1","yes but disagree","heard but do not know","never","never",0,1,300,0.456907118101897
2499,"7","7","1",0,4.89335213348152,4.11087386417331,1,"county seat",1,1,4,"1","1","1","Zhejiang","Tuesday","0",1,3,"1","yes and agree","heard and know","never","heard but do not know",0,1,6250,0.29
181,"5","5","4",0,4.86753445045558,3.89182029811063,0,"rural",0,1,6,"1","0","0","Hebei","Sunday","1",0,0,"0","yes and agree","heard but do not know","never","never",0,0,2291,1.22081469772307
1956,"2","2","2",0,4.86753445045558,3.58351893845611,0,"city",1,1,4,"1","0","0","Zhejiang","Wednesday","1",0,3,"1","yes and agree","heard but do not know","never","heard but do not know",2,1,5102,0.29
810,"7","7","7",0,4.27666611901606,4.00733318523247,0,"city",1,1,4,"0","1","0","Hebei","Sunday","1",0,3,"1","yes and agree","heard and know","heard and know","heard and know",2,1,1320,0.802621243321656
1168,"2","2","2",1,3.63758615972639,3.97029191355212,1,"city",0,1,3,"0","0","0","Beijing","Wednesday","0",1,4,"1","yes but disagree","heard but do not know","heard but do not know","never",18,1,3600,0.29
681,"7","7","4",0,4.14313472639153,3.68887945411394,1,"city",1,1,4,"1","1","1","Guangdong","Friday","1",1,0,"1","yes and agree","heard and know","heard and know","heard but do not know",12,0,2338,0.29
2666,"1","2","1",0,4.17438726989564,3.29583686600433,0,"rural",1,0,2,"1","1","0","Guangdong","Thursday","1",1,4,"1","no","never","never","never",0,1,4030,0.397805835573785
1314,"4","4","7",0,4.33073334028633,3.71357206670431,0,"city",0,0,6,"0","1","0","Guangdong","Friday","1",1,7,"1","yes and agree","heard but do not know","never","heard but do not know",30,1,3712,0.29
1210,"4","5","5",0,4.24849524204936,3.58351893845611,0,"county seat",1,1,4,"1","0","0","Beijing","Thursday","1",1,2,"1","no","heard but do not know","never","heard but do not know",2,1,1456,0.29
3088,"3","2","4",0,3.68887945411394,3.71357206670431,1,"county seat",0,1,4,"0","0","0","Guangdong","Wednesday","1",1,6,"1","yes and agree","heard and know","heard and know","heard but do not know",4,1,1325,0.29
2348,"5","7","4",0,4.38202663467388,3.46573590279973,1,"county seat",1,1,4,"0","0","0","Guangdong","Saturday","0",1,6,"1","yes and agree","heard and know","heard but do not know","heard but do not know",2,1,3846,0.29
1199,"6","6","6",0,4.44265125649032,3.80666248977032,0,"rural",1,0,4,"0","0","0","Guangdong","Monday","0",1,3,"1","yes but disagree","heard but do not know","never","never",20,1,3769,0.478434171981895
993,"2","2","2",0,3.80666248977032,3.78418963391826,0,"city",1,1,3,"1","0","0","Beijing","Tuesday","1",0,5,"1","yes and agree","heard and know","heard but do not know","never",6,1,2244,0.29
3338,"6","5","5",0,3.2188758248682,3.43398720448515,1,"county seat",0,0,6,"0","0","1","Guangdong","Friday","1",1,3,"1","yes but disagree","heard but do not know","heard but do not know","heard but do not know",30,1,893,0.426155297891374
1242,"4","4","2",0,3.76120011569356,4.04305126783455,0,"city",1,1,3,"0","0","0","Beijing","Thursday","1",1,4,"1","yes but disagree","never","never","never",4,1,1250,0.29
1112,"6","6","6",0,5.19295685089021,3.58351893845611,0,"rural",1,1,4,"0","1","0","Hebei","Wednesday","1",1,3,"1","yes and agree","never","never","never",0,1,3270,1.94283285423945
1180,"1","1","1",1,4.60517018598809,4.02535169073515,0,"rural",1,1,3,"0","0","0","Beijing","Wednesday","1",1,2,"1","yes and agree","familiar","never","never",0,1,1067,0.707536494715993
2361,"5","4","1",0,4.18965474202643,2.94443897916644,0,"county seat",1,0,4,"1","0","0","Guangdong","Saturday","1",1,6,"1","yes and agree","heard and know","heard and know","heard but do not know",12,1,6933,1.87731917092342
695,"7","5","4",1,4.74493212836325,3.29583686600433,1,"city",0,1,5,"0","1","1","Zhejiang","Friday","0",0,7,"1","yes and agree","heard and know","heard but do not know","heard but do not know",6,1,3180,0.51228616885516
1593,"7","7","1",0,4.78749174278205,4.17438726989564,0,"rural",1,1,5,"0","1","0","Beijing","Saturday","1",1,0,"1","yes and agree","heard but do not know","never","never",2,0,2667,2.40500581405561
3134,"2","7","4",0,4.77912349311153,3.66356164612965,0,"city",1,1,3,"1","0","0","Guangdong","Wednesday","1",1,5,"1","yes and agree","heard but do not know","heard but do not know","heard but do not know",0,1,3750,0.685161404941599
1515,"4","3","6",0,4.04305126783455,3.76120011569356,1,"city",1,1,4,"1","0","0","Hebei","Saturday","1",1,0,"1","yes and agree","heard but do not know","never","never",14,0,1467,0.29
1682,"2","2","2",0,4.60517018598809,3.55534806148941,0,"city",0,1,3,"1","0","0","Guangdong","Sunday","0",0,4,"1","yes and agree","heard and know","never","never",0,1,1333,0.29
1002,"7","7","5",0,4.44265125649032,3.85014760171006,0,"rural",1,1,3,"1","0","0","Hebei","Tuesday","1",1,0,"1","yes but disagree","never","heard but do not know","never",2,0,1625,1.10583714859619
154,"2","2","2",1,4.31748811353631,4.11087386417331,0,"city",0,1,3,"1","1","0","Hebei","Saturday","1",1,4,"1","yes and agree","never","never","never",0,1,2300,0.726035649311701
850,"7","4","3",0,4.75359019110636,3.46573590279973,0,"city",0,1,4,"1","0","0","Hebei","Sunday","1",1,3,"1","yes and agree","never","never","never",30,1,3263,3.19688321960274
1612,"7","5","4",0,4.60517018598809,3.46573590279973,0,"city",1,1,3,"1","0","0","Guangdong","Sunday","0",0,5,"1","yes and agree","heard but do not know","never","heard but do not know",0,1,2077,0.29
1501,"4","4","4",0,3.91202300542815,4.02535169073515,0,"city",1,1,4,"0","1","0","Beijing","Saturday","1",1,4,"1","yes and agree","heard but do not know","never","never",4,1,2000,0.29
2313,"7","7","7",0,3.91202300542815,3.36729582998647,0,"city",1,0,2,"0","0","0","Hebei","Saturday","1",0,0,"1","yes and agree","never","never","never",0,0,1977,1.12488827512446
2632,"7","7","2",0,4.33073334028633,3.55534806148941,0,"city",0,0,3,"0","1","1","Guangdong","Wednesday","1",1,6,"1","yes and agree","heard but do not know","heard but do not know","never",10,1,1316,0.29
1141,"6","4","4",0,4.97673374242057,3.58351893845611,1,"city",0,1,4,"1","0","0","Guangdong","Monday","0",1,0,"1","yes but disagree","heard but do not know","never","heard but do not know",0,0,601,0.29
2403,"2","2","1",0,4.11087386417331,3.91202300542815,0,"county seat",1,1,4,"0","0","0","Guangdong","Sunday","0",1,7,"1","no","heard but do not know","never","never",16,1,4125,0.409282451450826
111,"7","7","7",0,4.18965474202643,3.68887945411394,1,"city",1,1,5,"1","0","1","Beijing","Thursday","1",1,3,"1","yes and agree","heard and know","heard but do not know","heard and know",10,1,1000,0.29
1146,"6","4","6",0,4.00733318523247,3.25809653802148,0,"county seat",1,1,4,"0","1","0","Guangdong","Wednesday","0",0,1,"1","yes and agree","heard and know","never","never",0,1,1111,0.446925814010253
1691,"1","3","1",0,4.31748811353631,3.71357206670431,0,"city",0,1,3,"0","0","0","Guangdong","Sunday","0",0,3,"1","yes and agree","never","never","never",0,1,985,0.753587280600736
1116,"4","3","2",0,4.0943445622221,3.58351893845611,1,"city",1,1,2,"0","0","0","Guangdong","Monday","0",1,0,"1","no","heard but do not know","never","never",0,0,1690,0.29
190,"5","6","3",0,4.24849524204936,3.17805383034795,1,"city",1,0,4,"0","0","0","Hebei","Sunday","1",1,3,"1","yes and agree","heard and know","never","never",0,1,1650,0.490035858521876
1231,"3","3","1",0,3.95124371858143,4.0943445622221,0,"city",0,1,4,"1","1","0","Beijing","Thursday","1",0,4,"1","no","never","never","never",10,1,2400,0.29
3151,"7","7","7",0,4.02535169073515,3.8286413964891,0,"rural",1,1,4,"0","0","0","Guangdong","Wednesday","1",1,5,"1","yes and agree","heard but do not know","heard but do not know","heard but do not know",12,1,2618,0.29
1515,"4","5","5",0,4.60517018598809,3.2188758248682,1,"county seat",1,0,4,"0","0","0","Guangdong","Saturday","1",1,4,"1","yes but disagree","heard but do not know","never","never",14,1,3016,0.467902055622054
1199,"2","2","2",1,4.12713438504509,4.15888308335967,0,"city",0,1,3,"1","1","0","Beijing","Thursday","1",1,3,"1","no","heard but do not know","never","never",14,1,3000,0.29
1364,"1","1","1",0,4.66343909411207,3.63758615972639,0,"county seat",1,1,3,"1","0","0","Guangdong","Friday","1",0,4,"1","yes but disagree","heard but do not know","heard but do not know","heard but do not know",0,1,4305,0.719284534475195
1106,"4","4","4",0,3.91202300542815,4.07753744390572,0,"city",0,1,5,"0","0","1","Beijing","Wednesday","0",1,0,"1","yes and agree","never","never","never",2,0,4180,0.29
3124,"6","6","6",0,4.00733318523247,3.52636052461616,1,"rural",1,1,5,"0","0","0","Guangdong","Wednesday","0",1,3,"1","yes and agree","heard but do not know","heard but do not know","heard but do not know",14,1,691,0.29
383,"4","5","2",0,5.07517381523383,3.71357206670431,1,"city",1,1,5,"1","1","1","Zhejiang","Thursday","1",0,0,"1","yes and agree","familiar","heard and know","familiar",1,0,200,0.29
2361,"6","6","6",0,4.69134788222914,3.66356164612965,0,"rural",0,1,5,"1","0","0","Guangdong","Saturday","0",0,7,"1","yes and agree","heard but do not know","heard but do not know","heard but do not know",0,1,2167,0.29
1235,"7","7","1",1,5.07517381523383,3.91202300542815,0,"rural",1,1,1,"0","0","0","Zhejiang","Thursday","0",0,3,"1","yes and agree","never","never","never",0,1,2167,0.9511964982023
3048,"4","2","4",0,5.63478960316925,3.43398720448515,0,"city",1,0,4,"0","1","0","Guangdong","Wednesday","1",0,3,"1","yes and agree","heard but do not know","heard but do not know","heard but do not know",5,1,1440,2.73763469141016
2082,"4","4","4",0,4.31748811353631,3.73766961828337,0,"city",1,1,5,"1","0","0","Guangdong","Wednesday","1",0,4,"1","no","heard but do not know","heard but do not know","heard but do not know",15,1,2244,0.29
1136,"4","4","2",0,4.60517018598809,4.11087386417331,0,"rural",1,1,3,"0","1","0","Hebei","Wednesday","1",1,3,"1","yes and agree","heard and know","heard but do not know","never",6,1,1875,2.96544933178523
2401,"6","6","6",0,4.78749174278205,3.52636052461616,0,"rural",0,1,5,"1","0","0","Guangdong","Sunday","0",0,7,"1","yes and agree","heard but do not know","heard but do not know","heard but do not know",0,1,1781,0.985878927998575
833,"4","2","1",0,4.48863636973214,3.61091791264422,0,"city",0,1,3,"1","0","0","Zhejiang","Sunday","0",0,3,"1","yes and agree","heard and know","never","never",0,1,2182,0.29
1628,"7","5","5",0,5.07517381523383,3.80666248977032,0,"city",1,1,6,"1","0","0","Zhejiang","Sunday","1",0,5,"1","yes and agree","familiar","familiar","familiar",8,1,540,0.29
820,"2","2","1",0,3.91202300542815,3.93182563272433,0,"county seat",0,1,2,"1","0","0","Beijing","Sunday","1",0,4,"1","yes but disagree","never","never","never",2,1,2200,1.19482951909191
1894,"7","7","3",0,4.86753445045558,3.17805383034795,0,"county seat",1,1,4,"0","0","0","Hebei","Tuesday","1",0,0,"1","no","never","never","never",2,0,1231,0.490035858521876
1633,"4","4","4",0,4.78749174278205,3.66356164612965,0,"county seat",0,1,4,"1","0","0","Hebei","Sunday","1",1,3,"1","yes and agree","heard but do not know","never","never",0,1,2300,0.831477064267193
2638,"5","5","5",0,5.07517381523383,3.91202300542815,1,"rural",0,1,5,"1","0","0","Guangdong","Wednesday","1",0,7,"1","yes and agree","heard but do not know","heard but do not know","heard but do not know",0,1,368,0.29
1911,"7","7","5",1,4.40671924726425,4.06044301054642,0,"city",1,1,4,"0","1","0","Zhejiang","Wednesday","1",0,4,"1","yes and agree","heard but do not know","never","never",20,1,2477,0.29
2588,"2","2","2",0,4.06044301054642,4.18965474202643,0,"city",1,1,5,"0","1","0","Guangdong","Wednesday","1",1,2,"1","yes and agree","never","never","never",2,1,3518,0.47433696325933
1119,"6","4","2",1,3.91202300542815,3.78418963391826,0,"city",1,1,5,"0","1","0","Beijing","Wednesday","0",1,3,"1","no","never","never","never",10,1,3000,1.39535827887641
1014,"5","5","4",0,4.38202663467388,3.61091791264422,1,"county seat",1,1,3,"1","1","0","Beijing","Tuesday","1",1,1,"1","yes and agree","heard but do not know","never","never",2,1,1071,0.29
1243,"6","5","5",0,4.38202663467388,3.73766961828337,0,"county seat",1,1,4,"1","0","0","Beijing","Thursday","1",1,0,"1","yes and agree","heard but do not know","never","heard but do not know",0,0,2182,0.593131073837361
989,"1","1","1",0,4.65396035015752,4.06044301054642,0,"rural",0,1,2,"0","0","0","Beijing","Monday","1",1,4,"0","no","never","never","never",0,1,2420,0.778438381622986
541,"4","4","4",0,4.44265125649032,3.80666248977032,0,"rural",1,1,2,"1","1","0","Hebei","Thursday","0",1,0,"1","yes and agree","heard but do not know","never","never",0,0,2885,6.91297905464304
1268,"6","6","6",0,3.87120101090789,4.02535169073515,0,"city",1,1,2,"0","0","0","Guangdong","Thursday","0",1,7,"1","yes but disagree","heard but do not know","heard but do not know","never",3,1,3086,0.29
3013,"7","7","7",1,5.01063529409626,3.25809653802148,0,"city",1,0,3,"0","1","1","Guangdong","Wednesday","1",1,0,"1","yes and agree","heard but do not know","heard but do not know","heard but do not know",6,0,1758,0.446925814010253
3323,"4","2","3",0,4.35670882668959,3.04452243772342,1,"county seat",0,0,5,"0","0","0","Guangdong","Thursday","1",0,4,"1","yes and agree","heard and know","heard but do not know","heard but do not know",4,1,1071,0.681694532917722
2504,"4","5","4",0,5.01063529409626,4.18965474202643,0,"county seat",0,1,5,"1","1","0","Zhejiang","Tuesday","0",0,3,"1","yes and agree","heard and know","heard and know","heard and know",15,1,3133,0.29
3213,"7","7","1",0,3.98898404656427,3.61091791264422,0,"county seat",0,1,1,"1","1","0","Guangdong","Thursday","1",1,4,"1","yes and agree","heard but do not know","heard but do not know","heard but do not know",20,1,1350,0.29
2388,"5","5","5",0,4.60517018598809,3.09104245335832,0,"county seat",0,0,4,"0","0","0","Zhejiang","Sunday","0",0,2,"1","yes and agree","heard but do not know","heard but do not know","heard but do not know",1,1,1750,0.649537298301348
1048,"6","6","6",0,4.00733318523247,3.40119738166216,0,"county seat",1,1,3,"0","0","0","Beijing","Tuesday","1",1,0,"1","yes and agree","heard but do not know","heard but do not know","heard but do not know",2,0,253,0.373432195785504
1211,"5","4","5",0,3.91202300542815,3.49650756146648,1,"county seat",0,0,2,"0","0","0","Beijing","Thursday","1",1,0,"1","yes but disagree","heard but do not know","heard but do not know","never",6,0,1250,0.389552227928835
1629,"5","5","5",0,4.38202663467388,3.43398720448515,0,"city",1,1,2,"0","0","0","Guangdong","Sunday","0",1,0,"1","yes but disagree","never","never","never",0,0,2688,0.357396571614206
801,"7","7","4",0,4.48863636973214,3.73766961828337,1,"city",1,1,4,"1","1","0","Zhejiang","Sunday","0",0,4,"1","yes and agree","heard but do not know","heard but do not know","heard and know",2,1,2885,0.29
136,"7","7","4",1,3.91202300542815,3.43398720448515,1,"city",0,0,1,"0","0","1","Zhejiang","Saturday","0",1,3,"1","yes and agree","heard and know","heard and know","never",10,1,2182,0.426155297891374
1631,"6","6","6",0,4.56434819146784,3.8286413964891,0,"rural",1,1,4,"1","0","0","Guangdong","Sunday","1",1,7,"1","yes and agree","heard but do not know","heard and know","heard but do not know",0,1,756,0.29
2563,"7","7","7",0,4.0943445622221,3.71357206670431,1,"rural",0,0,1,"0","0","0","Guangdong","Wednesday","0",1,5,"1","yes and agree","heard but do not know","heard but do not know","never",16,1,3018,0.29
2550,"7","7","4",1,4.02535169073515,3.17805383034795,0,"city",1,0,5,"0","0","0","Jilin","Tuesday","1",1,0,"1","yes and agree","heard but do not know","never","never",0,0,1421,0.490035858521876
2268,"7","5","6",0,4.38202663467388,3.43398720448515,0,"county seat",0,1,3,"0","0","0","Jilin","Friday","1",0,0,"1","yes and agree","heard but do not know","heard but do not know","heard but do not know",0,0,1200,0.426155297891374
1511,"1","2","5",0,5.19295685089021,3.91202300542815,0,"county seat",1,1,1,"1","0","0","Shanxi","Saturday","1",1,0,"0","no","heard but do not know","never","never",0,0,1100,1.02932536300857
3450,"1","1","4",1,5.7037824746562,3.09104245335832,1,"city",1,0,1,"0","0","1","Shanxi","Sunday","1",0,0,"1","no","never","never","never",5,0,4183,0.538035190623942
3408,"7","7","7",1,4.17438726989564,3.46573590279973,1,"city",0,1,5,"1","0","0","Jilin","Friday","0",0,1,"1","yes and agree","heard and know","heard but do not know","never",1,1,1875,0.407362342670444
2118,"1","1","1",0,4.69134788222914,3.43398720448515,0,"city",0,1,3,"1","0","0","Jilin","Thursday","1",1,3,"1","no","never","never","never",8,1,1818,1.241974008131
1282,"7","6","7",0,4.55387689160054,3.95124371858143,0,"county seat",1,1,3,"0","0","0","Shanxi","Thursday","1",1,0,"1","no","heard but do not know","never","never",0,0,188,0.931282439924059
3318,"3","3","4",1,4.35670882668959,3.36729582998647,0,"county seat",1,0,5,"1","0","0","Jilin","Friday","0",0,0,"1","yes and agree","heard and know","heard but do not know","heard but do not know",10,0,3977,3.04054345834172
2109,"6","7","6",1,4.60517018598809,3.04452243772342,0,"rural",1,0,3,"1","0","0","Shanxi","Thursday","1",1,0,"1","yes and agree","never","never","never",0,0,1760,0.523678536428402
869,"7","7","6",0,4.49980967033027,3.52636052461616,0,"city",1,1,6,"1","0","0","Shanxi","Sunday","1",0,0,"1","yes but disagree","heard but do not know","heard but do not know","never",1,0,1600,0.875675843462376
2683,"4","4","1",0,3.91202300542815,3.52636052461616,0,"county seat",1,0,3,"1","0","0","Henan","Thursday","1",1,1,"1","yes and agree","heard and know","never","never",0,1,218,0.875675843462376
3064,"4","4","3",0,4.24849524204936,3.25809653802148,1,"county seat",0,0,3,"0","0","0","Jilin","Wednesday","1",1,0,"1","yes and agree","heard but do not know","never","never",6,0,891,0.536869282371849
2102,"1","1","1",0,4.86753445045558,3.73766961828337,0,"rural",0,1,3,"1","0","0","Henan","Thursday","1",1,2,"1","no","heard but do not know","never","never",0,1,2765,1.74756973262942
2224,"4","5","1",0,4.44265125649032,3.43398720448515,0,"county seat",1,1,2,"1","0","0","Jilin","Friday","1",1,0,"1","no","never","never","never",0,0,1452,0.357396571614206
2353,"7","7","7",0,3.66356164612965,4.20469261939097,0,"city",1,0,6,"0","1","0","Jilin","Saturday","1",1,0,"1","yes but disagree","never","never","never",6,0,600,0.29
1504,"2","2","1",0,4.38202663467388,3.43398720448515,0,"county seat",1,1,5,"1","0","0","Shanxi","Saturday","1",1,0,"1","no","never","never","never",0,0,1400,2.73763469141016
2482,"1","1","1",0,5.01063529409626,3.68887945411394,0,"county seat",1,1,3,"1","0","0","Henan","Monday","1",0,3,"1","yes and agree","heard but do not know","never","never",0,1,2167,1.71379837552918
1944,"7","7","4",0,5.24174701505964,3.09104245335832,0,"city",0,0,7,"0","0","0","Jilin","Tuesday","1",0,0,"1","yes and agree","heard and know","heard and know","heard and know",2,0,3413,0.649537298301348
1309,"7","7","7",0,4.27666611901606,3.55534806148941,1,"county seat",0,1,3,"1","0","0","Jilin","Friday","1",0,0,"1","yes and agree","heard but do not know","heard but do not know","never",5,0,1371,0.29
2306,"2","2","2",0,4.17438726989564,3.40119738166216,0,"county seat",0,1,3,"1","0","0","Jilin","Saturday","1",1,0,"1","yes and agree","heard but do not know","never","never",10,0,2200,0.445985331052855
1441,"7","7","6",0,5.29831736654804,3.98898404656427,0,"county seat",0,1,3,"1","0","0","Shanxi","Saturday","1",1,0,"1","yes but disagree","never","never","never",2,0,1707,1.02694389126558
1632,"4","3","4",1,4.45434729625351,3.85014760171006,0,"county seat",1,1,5,"1","0","0","Shanxi","Sunday","1",1,0,"1","yes and agree","heard but do not know","heard but do not know","never",4,0,1400,0.29
3415,"4","2","1",0,4.27666611901606,3.49650756146648,0,"county seat",0,1,3,"0","0","0","Jilin","Saturday","1",0,0,"1","yes and agree","heard but do not know","never","never",10,0,1850,0.389552227928835
2119,"4","4","2",1,4.70048036579242,3.55534806148941,0,"city",1,1,3,"1","1","0","Shanxi","Thursday","1",0,0,"1","yes and agree","heard but do not know","never","never",6,0,3600,0.29
1654,"7","4","5",0,3.91202300542815,3.93182563272433,0,"rural",1,1,2,"0","0","0","Jilin","Sunday","1",1,0,"1","no","never","never","never",5,0,1100,0.904944756488756
2282,"4","7","2",0,1.94591014905531,3.63758615972639,1,"county seat",1,1,3,"1","1","0","Jilin","Saturday","1",0,0,"1","yes and agree","heard but do not know","heard but do not know","never",5,0,3200,0.29
2483,"1","1","2",0,4.36944785246702,3.3322045101752,0,"county seat",0,1,3,"1","0","0","Jilin","Monday","1",1,0,"1","yes but disagree","heard and know","heard but do not know","never",10,0,1800,0.48898871152122
811,"2","2","2",0,4.55387689160054,3.43398720448515,1,"rural",1,1,4,"0","0","0","Shanxi","Sunday","1",1,0,"1","yes and agree","heard but do not know","heard but do not know","heard but do not know",10,0,1929,0.29
2405,"4","7","6",0,4.60517018598809,4.00733318523247,0,"rural",1,1,4,"0","0","0","Jilin","Sunday","1",1,0,"0","yes but disagree","never","never","never",6,0,1333,0.742894380132848
154,"4","4","4",0,5.63478960316925,3.58351893845611,1,"city",1,1,6,"1","0","1","Henan","Thursday","1",0,4,"1","yes and agree","heard and know","heard and know","heard but do not know",5,1,960,0.29
1062,"7","7","7",1,4.0943445622221,3.85014760171006,0,"city",0,1,5,"0","0","1","Shanxi","Tuesday","1",1,0,"1","yes and agree","heard but do not know","heard but do not know","heard but do not know",26,0,1200,0.29
2011,"7","6","6",0,4.44265125649032,2.89037175789616,0,"city",1,0,3,"1","1","0","Shanxi","Wednesday","1",1,4,"1","yes and agree","heard but do not know","heard but do not know","heard but do not know",4,1,60000,0.650982664261043
1681,"7","7","7",0,4.60517018598809,3.61091791264422,0,"rural",1,1,3,"1","0","0","Shanxi","Sunday","0",1,0,"1","no","heard but do not know","never","never",0,0,878,1.84472017101767
119,"2","5","3",0,4.38202663467388,3.2188758248682,0,"city",0,0,6,"0","0","0","Shanxi","Saturday","1",1,0,"1","no","heard but do not know","heard but do not know","never",1,0,1400,0.562809000235141
2565,"5","1","1",0,5.29831736654804,4.04305126783455,0,"rural",0,1,1,"1","0","0","Henan","Wednesday","1",1,0,"1","no","never","never","never",0,0,334,4.51051264110918
2435,"4","3","4",0,4.00733318523247,3.04452243772342,0,"city",0,0,4,"0","0","1","Jilin","Monday","0",0,0,"0","yes and agree","never","heard but do not know","heard but do not know",0,0,520,9.5
2016,"1","2","2",0,4.83628190695148,3.04452243772342,1,"city",0,0,3,"0","0","0","Henan","Wednesday","1",1,3,"1","yes but disagree","heard and know","heard and know","heard and know",4,1,1125,0.681694532917722
1216,"6","7","6",0,4.49980967033027,3.3322045101752,0,"county seat",1,1,3,"1","0","0","Shanxi","Thursday","1",1,0,"1","yes and agree","never","never","never",0,0,583,0.408207026552079
3046,"5","4","4",0,4.78749174278205,3.2188758248682,1,"city",1,0,4,"0","0","0","Jilin","Wednesday","1",1,0,"1","yes and agree","familiar","heard and know","heard but do not know",10,0,864,0.467902055622054
881,"5","1","4",0,4.45434729625351,3.87120101090789,0,"rural",1,1,3,"0","0","0","Shanxi","Sunday","1",1,0,"1","yes but disagree","never","never","never",0,0,1400,1.05149795660307
2130,"1","1","1",1,4.38202663467388,3.66356164612965,0,"county seat",1,1,1,"1","0","0","Henan","Thursday","0",0,2,"1","no","never","never","never",0,1,658,1.80468621814222
1685,"4","1","1",0,5.29831736654804,4.06044301054642,0,"rural",0,1,2,"0","1","0","Shanxi","Sunday","1",1,0,"1","yes but disagree","never","never","never",0,0,2000,0.778438381622986
814,"4","1","1",0,5.22035582507832,3.93182563272433,0,"rural",0,1,3,"0","0","0","Shanxi","Sunday","1",1,0,"1","yes and agree","never","never","never",0,0,1400,0.435591191832487
1110,"7","7","7",0,4.17438726989564,3.95124371858143,0,"city",1,1,5,"0","0","0","Jilin","Monday","1",1,0,"1","no","never","never","never",6,0,933,0.374398076209742
3368,"7","7","7",0,5.18178355029209,3.91202300542815,0,"county seat",0,1,3,"1","0","0","Shanxi","Friday","1",1,0,"1","no","never","never","never",2,0,4000,1.25707837722824
1919,"7","7","7",1,4.38202663467388,3.58351893845611,0,"rural",0,1,4,"1","0","0","Henan","Wednesday","1",1,7,"1","yes and agree","heard but do not know","never","never",10,1,1167,0.29
909,"7","2","1",0,4.63472898822964,3.63758615972639,0,"city",0,1,3,"1","0","0","Shanxi","Sunday","1",0,0,"1","yes and agree","heard and know","heard but do not know","heard but do not know",1,0,2400,0.873674535534688
2019,"6","1","1",0,4.24849524204936,3.2188758248682,1,"city",1,0,4,"0","1","0","Henan","Wednesday","1",1,5,"1","yes but disagree","heard but do not know","heard and know","heard but do not know",4,1,1100,0.467902055622054
1016,"6","4","2",0,4.49980967033027,4.02535169073515,0,"city",1,1,3,"0","1","0","Shanxi","Tuesday","1",1,0,"1","no","never","never","heard but do not know",2,0,1200,4.19349705907806
141,"2","2","1",0,4.85203026391962,3.43398720448515,1,"city",1,1,6,"1","0","1","Henan","Thursday","1",0,0,"1","yes and agree","familiar","familiar","familiar",2,0,2160,0.357396571614206
2541,"6","6","6",0,4.78749174278205,4.14313472639153,0,"rural",1,1,2,"0","1","0","Henan","Tuesday","1",1,4,"1","no","never","never","never",0,1,188,0.50673170730865
1001,"4","5","2",0,4.24849524204936,3.91202300542815,0,"city",1,1,3,"0","0","0","Shanxi","Tuesday","1",1,0,"1","no","never","never","never",3,0,2000,0.409282451450826
140,"6","2","1",1,4.0943445622221,4.18965474202643,0,"county seat",1,1,3,"0","1","0","Shanxi","Saturday","1",1,0,"1","no","heard but do not know","never","never",2,0,800,2.47848188648665
1669,"1","7","1",0,4.14313472639153,3.40119738166216,0,"rural",0,1,2,"1","1","0","Jilin","Sunday","1",1,0,"1","yes and agree","heard but do not know","never","heard but do not know",3,0,2200,3.26898808587072
1149,"7","7","7",0,4.38202663467388,3.61091791264422,1,"city",1,1,3,"1","0","0","Shanxi","Wednesday","1",1,0,"1","yes and agree","heard but do not know","never","never",0,0,1167,0.29
2811,"4","4","4",0,5.63478960316925,3.76120011569356,0,"rural",0,1,4,"1","0","0","Henan","Saturday","1",1,3,"1","yes and agree","heard and know","heard but do not know","never",0,1,1911,1.65966898775267
921,"4","4","2",0,4.60517018598809,3.52636052461616,0,"city",1,1,2,"1","0","0","Shanxi","Sunday","1",0,0,"1","yes but disagree","heard but do not know","heard but do not know","never",6,0,1400,0.875675843462376
1940,"1","1","1",0,4.0943445622221,3.29583686600433,0,"county seat",1,1,1,"0","0","0","Jilin","Tuesday","1",1,0,"1","yes but disagree","heard but do not know","never","never",2,0,1400,1.24488883286711
1560,"7","7","6",0,3.87120101090789,4.15888308335967,0,"county seat",1,0,1,"1","1","0","Shanxi","Saturday","1",1,0,"0","yes and agree","never","never","heard but do not know",0,0,1969,0.29
2201,"7","7","7",0,4.09250954627637,2.89037175789616,0,"city",1,0,4,"0","0","0","Jilin","Thursday","1",1,1,"1","yes and agree","heard but do not know","heard but do not know","heard but do not know",2,1,900,0.650982664261043
1194,"5","5","5",1,4.15888308335967,3.91202300542815,1,"city",1,1,3,"1","0","0","Shanxi","Wednesday","1",0,0,"1","yes and agree","heard but do not know","heard but do not know","heard but do not know",12,0,2200,0.29
1506,"2","2","1",0,4.20469261939097,3.55534806148941,0,"county seat",1,1,4,"1","0","0","Shanxi","Saturday","1",1,0,"1","yes and agree","never","never","never",8,0,1600,0.833373707099913
911,"7","4","4",0,4.18965474202643,3.46573590279973,0,"city",1,1,5,"1","0","0","Shanxi","Monday","1",1,0,"1","no","heard but do not know","heard but do not know","heard but do not know",2,0,1650,0.29
1668,"5","5","2",0,4.60517018598809,4.04305126783455,0,"rural",1,1,2,"0","0","0","Shanxi","Sunday","1",1,0,"1","no","never","never","never",4,0,1400,0.674027768233555
2261,"1","1","1",0,3.87120101090789,3.95124371858143,0,"city",0,1,6,"0","0","0","Jilin","Friday","1",1,0,"1","yes and agree","never","never","never",4,0,1864,0.447179761692914
2223,"7","7","7",0,4.60517018598809,3.71357206670431,0,"rural",1,1,4,"1","0","0","Shanxi","Friday","0",0,0,"1","yes and agree","heard but do not know","heard but do not know","heard but do not know",0,0,2182,0.577095818230253
1114,"5","6","5",0,4.0943445622221,2.99573227355399,0,"city",1,0,2,"1","0","0","Henan","Monday","1",1,3,"1","yes and agree","heard and know","never","never",0,1,2400,0.591478324546551
2991,"7","7","3",0,3.68887945411394,3.87120101090789,0,"city",1,1,3,"0","1","0","Jilin","Tuesday","1",1,0,"1","yes and agree","heard but do not know","never","never",0,0,1100,6.40883983816893
2188,"7","7","2",1,4.24849524204936,3.3322045101752,1,"city",1,1,4,"1","0","0","Henan","Thursday","0",0,3,"1","yes and agree","never","never","never",6,1,952,0.408207026552079
1164,"6","6","6",0,4.24849524204936,4.11087386417331,0,"city",1,1,5,"0","1","0","Shanxi","Wednesday","1",1,2,"1","no","heard but do not know","never","never",0,1,258,0.29
895,"5","1","1",0,4.60517018598809,4.06044301054642,0,"rural",1,1,2,"0","0","0","Shanxi","Sunday","1",0,0,"1","yes but disagree","heard but do not know","never","never",2,0,1600,0.29
2609,"7","7","1",0,4.39444915467244,3.25809653802148,0,"city",0,0,2,"0","0","0","Jilin","Wednesday","1",1,0,"1","yes but disagree","familiar","heard and know","heard and know",10,0,2018,0.536869282371849
2485,"4","4","6",0,3.98898404656427,4.15888308335967,0,"rural",1,0,3,"0","1","0","Jilin","Monday","1",1,0,"0","yes and agree","never","never","never",2,0,900,0.483724739127937
1155,"4","4","3",0,3.68887945411394,4.24849524204936,0,"city",1,1,5,"0","1","0","Jilin","Monday","1",1,0,"1","no","never","never","never",4,0,1467,0.29
921,"2","2","1",1,3.80666248977032,3.95124371858143,0,"city",0,1,5,"0","0","0","Jilin","Sunday","1",1,0,"1","no","never","never","never",12,0,1200,1.13583617329244
2096,"2","2","2",1,5.48063892334199,3.63758615972639,0,"rural",1,1,4,"1","1","0","Henan","Thursday","0",0,2,"1","yes and agree","heard but do not know","heard but do not know","never",0,1,4680,0.666322269358554
3335,"7","4","3",0,4.0943445622221,3.63758615972639,0,"city",1,1,4,"1","0","0","Jilin","Thursday","1",1,0,"1","yes and agree","heard but do not know","never","never",0,0,1250,1.90058965173231
1950,"5","5","5",0,3.91202300542815,4.24849524204936,0,"city",1,0,5,"0","1","0","Jilin","Wednesday","1",1,0,"1","yes but disagree","never","never","never",12,0,1714,2.01219224378607
3390,"7","7","5",1,4.47733681447821,3.43398720448515,0,"county seat",1,1,3,"0","0","0","Jilin","Saturday","0",1,0,"1","yes and agree","heard but do not know","heard but do not know","never",10,0,1400,0.357396571614206
2521,"7","2","1",0,4.38202663467388,3.43398720448515,0,"county seat",0,1,2,"0","0","0","Jilin","Tuesday","1",0,0,"1","yes but disagree","never","never","never",2,0,2700,1.241974008131
2423,"1","1","1",0,4.17438726989564,3.63758615972639,0,"rural",0,1,3,"0","0","0","Jilin","Sunday","1",1,0,"1","yes and agree","never","never","never",0,0,2200,0.29
2308,"4","5","5",0,4.31748811353631,2.94443897916644,1,"city",0,0,6,"0","0","0","Jilin","Saturday","1",1,0,"1","yes and agree","heard and know","never","heard but do not know",10,0,890,0.751430664156505
141,"4","4","4",0,4.31748811353631,3.80666248977032,1,"city",1,1,4,"1","0","0","Henan","Thursday","1",0,3,"1","yes and agree","heard and know","heard but do not know","heard but do not know",5,1,563,0.29
1911,"7","5","1",1,5.12396397940326,3.46573590279973,1,"city",0,0,3,"0","0","0","Henan","Wednesday","1",1,7,"1","yes and agree","heard but do not know","heard but do not know","heard but do not know",10,1,2640,0.407362342670444
2490,"1","1","1",0,4.49980967033027,3.68887945411394,0,"county seat",1,1,1,"1","0","0","Henan","Monday","1",0,0,"1","yes and agree","heard and know","heard but do not know","heard but do not know",0,0,1760,0.652822858651694
3438,"5","5","5",1,4.78749174278205,2.94443897916644,1,"city",0,0,3,"1","0","0","Shanxi","Saturday","1",0,0,"1","yes and agree","heard but do not know","never","never",5,0,1125,0.751430664156505
1641,"7","7","6",0,5.29831736654804,3.09104245335832,0,"rural",1,0,3,"0","0","0","Shanxi","Sunday","0",0,0,"1","yes and agree","heard but do not know","heard but do not know","heard but do not know",0,0,750,0.49978527711044
1304,"4","5","3",0,4.38202663467388,3.13549421592915,0,"city",0,0,4,"1","1","0","Henan","Thursday","1",1,2,"1","yes and agree","heard and know","heard and know","heard but do not know",2,1,1755,0.619061833875582
1110,"2","7","7",1,4.86753445045558,3.46573590279973,1,"city",1,1,4,"0","0","0","Shanxi","Wednesday","1",0,1,"1","yes and agree","heard but do not know","heard but do not know","heard but do not know",0,1,4200,0.29
3238,"3","7","3",1,4.17438726989564,3.17805383034795,0,"city",0,0,3,"0","0","0","Jilin","Thursday","1",1,0,"1","yes and agree","heard but do not know","never","never",0,0,1786,4.87721004391555
3435,"7","6","1",1,4.9416424226093,3.36729582998647,1,"city",1,1,3,"0","0","1","Shanxi","Saturday","1",0,0,"1","yes and agree","heard but do not know","never","never",5,0,1429,0.390352736240351
1111,"4","2","2",1,4.60517018598809,4.02535169073515,0,"city",1,1,2,"0","0","0","Shanxi","Wednesday","0",1,0,"1","yes and agree","heard but do not know","never","never",10,0,1400,0.764139741732958
3448,"7","7","7",1,4.47733681447821,3.66356164612965,0,"county seat",1,1,1,"1","0","0","Shanxi","Sunday","1",1,0,"1","yes and agree","heard but do not know","never","heard but do not know",2,0,1836,1.80468621814222
2052,"2","1","2",1,4.38202663467388,3.04452243772342,1,"city",0,0,3,"0","0","0","Henan","Wednesday","1",1,2,"1","yes and agree","heard but do not know","heard but do not know","heard but do not know",5,1,625,0.681694532917722
1611,"7","7","6",0,4.49980967033027,3.68887945411394,0,"rural",1,1,3,"1","0","0","Shanxi","Sunday","0",1,0,"1","yes and agree","heard but do not know","never","never",0,0,1071,1.58010954339234
2356,"1","5","4",0,4.86753445045558,3.3322045101752,0,"county seat",1,0,1,"0","0","0","Henan","Saturday","0",1,3,"1","yes and agree","heard but do not know","never","never",6,1,1798,0.408207026552079
1665,"7","7","6",0,5.29831736654804,4.02535169073515,0,"rural",1,1,3,"0","0","0","Shanxi","Sunday","1",1,0,"1","no","never","never","never",0,0,667,0.707536494715993
3446,"2","2","2",1,3.80666248977032,4.26267987704132,0,"city",1,1,5,"0","1","0","Jilin","Sunday","1",1,0,"1","yes and agree","heard but do not know","heard but do not know","never",4,0,1839,0.378351464087138
3404,"6","5","5",1,4.0943445622221,4.06044301054642,0,"city",1,1,4,"0","0","0","Jilin","Friday","0",1,1,"1","yes and agree","never","never","never",2,1,2125,0.29
2131,"2","2","4",0,3.2188758248682,3.8286413964891,0,"city",0,0,5,"0","0","0","Jilin","Thursday","1",0,0,"1","no","never","never","never",0,0,1080,1.54237402683485
2260,"2","2","1",0,4.21950770517611,3.52636052461616,0,"city",1,1,5,"1","0","0","Henan","Friday","0",0,3,"1","yes but disagree","heard and know","never","never",2,1,2727,0.29
2443,"1","1","3",0,4.78749174278205,3.3322045101752,1,"city",0,1,4,"0","0","1","Shanxi","Monday","1",0,0,"1","yes and agree","heard but do not know","never","heard but do not know",5,0,2708,0.48898871152122
1460,"6","5","4",0,3.52636052461616,3.66356164612965,0,"county seat",1,1,4,"1","0","0","Shanxi","Saturday","1",1,0,"1","no","heard and know","never","heard but do not know",0,0,1167,1.80468621814222
2129,"7","5","2",1,4.9416424226093,4.07753744390572,0,"county seat",1,1,5,"1","1","1","Henan","Thursday","1",1,3,"1","no","heard but do not know","never","never",2,1,2182,0.29
1143,"5","3","2",0,3.68887945411394,3.87120101090789,0,"city",0,1,5,"0","0","0","Jilin","Wednesday","1",0,0,"1","yes and agree","heard but do not know","never","never",2,0,1371,1.39207115854934
1213,"5","3","3",0,4.18965474202643,3.55534806148941,1,"city",1,1,5,"1","0","0","Shanxi","Thursday","0",1,0,"1","yes but disagree","heard but do not know","heard but do not know","never",6,0,960,0.29
1618,"5","4","4",0,4.24849524204936,4.34380542185368,0,"rural",1,1,2,"0","1","0","Jilin","Saturday","1",1,0,"1","no","never","never","never",0,0,800,1.29408309693756
2168,"5","3","5",0,4.0943445622221,3.89182029811063,0,"city",1,1,6,"0","1","0","Henan","Thursday","0",1,2,"1","yes and agree","heard but do not know","never","never",1,1,2321,1.08244097374843
2518,"6","1","1",0,4.78749174278205,3.71357206670431,0,"rural",0,1,1,"1","0","0","Henan","Wednesday","1",1,0,"1","no","never","never","never",0,0,256,1.8403212272897
161,"6","4","1",0,5.19295685089021,3.91202300542815,0,"county seat",1,1,4,"0","0","0","Shanxi","Saturday","1",0,0,"1","no","never","never","never",0,0,2200,5.76283109526685
1090,"1","1","1",0,4.66343909411207,3.49650756146648,0,"city",1,1,2,"0","0","0","Shanxi","Tuesday","1",1,0,"1","yes and agree","heard but do not know","heard but do not know","heard but do not know",10,0,2400,0.29
942,"4","4","1",0,4.56434819146784,3.95124371858143,0,"city",1,1,3,"0","0","1","Shanxi","Monday","1",0,2,"1","yes and agree","heard but do not know","heard but do not know","heard but do not know",1,1,2400,0.29
2605,"1","1","1",0,4.86753445045558,4.04305126783455,0,"rural",1,1,4,"1","0","0","Henan","Wednesday","1",1,0,"1","no","never","never","never",0,0,339,0.674027768233555
3006,"4","3","4",0,4.46590811865458,3.78418963391826,0,"county seat",1,1,5,"1","0","0","Jilin","Tuesday","1",0,0,"1","yes and agree","heard but do not know","heard but do not know","heard but do not know",4,0,2182,1.39535827887641
2548,"2","4","3",1,4.38202663467388,3.29583686600433,0,"city",1,0,4,"0","0","0","Jilin","Tuesday","0",0,0,"1","yes and agree","heard but do not know","heard but do not know","never",10,0,2750,0.427046595145418
1191,"2","2","2",0,4.60517018598809,3.43398720448515,0,"county seat",0,1,1,"1","0","0","Jilin","Monday","1",0,0,"0","no","heard but do not know","never","never",0,0,1309,3.36961420810059
1600,"1","1","7",0,4.06044301054642,3.3322045101752,0,"rural",0,1,4,"1","0","0","Jilin","Saturday","1",1,0,"1","yes but disagree","never","never","never",0,0,1400,1.33538962290528
2215,"4","2","2",0,4.0943445622221,3.78418963391826,0,"city",1,1,2,"0","0","0","Shanxi","Friday","0",1,0,"1","yes and agree","heard but do not know","heard but do not know","heard but do not know",2,0,1073,0.539519588268097
2301,"7","7","7",0,3.40119738166216,3.2188758248682,1,"city",1,0,4,"0","0","0","Shanxi","Saturday","1",0,0,"1","yes and agree","heard and know","heard and know","heard but do not know",6,0,1600,0.467902055622054
1516,"4","3","2",0,4.21950770517611,3.36729582998647,0,"rural",1,1,3,"1","0","0","Jilin","Saturday","1",1,0,"1","no","never","never","never",2,0,2000,2.79916022173799
1691,"4","4","3",0,4.60517018598809,3.98898404656427,0,"rural",1,1,3,"0","0","0","Shanxi","Sunday","1",1,0,"1","no","heard but do not know","never","never",2,0,1111,0.780203469208694
128,"5","6","6",0,4.4188406077966,3.2188758248682,0,"county seat",0,0,5,"0","0","0","Shanxi","Saturday","1",0,0,"1","yes but disagree","heard and know","heard but do not know","heard and know",2,0,1000,0.562809000235141
3382,"7","7","4",0,4.49980967033027,3.17805383034795,0,"city",0,0,4,"1","0","0","Jilin","Friday","1",1,0,"1","yes and agree","heard but do not know","heard but do not know","never",0,0,1588,4.87721004391555
2366,"4","2","1",0,4.60517018598809,3.09104245335832,0,"rural",0,0,1,"1","0","0","Shanxi","Saturday","0",0,0,"1","yes and agree","heard and know","heard but do not know","never",0,0,3733,4.98802323666113
1590,"7","7","1",0,4.31748811353631,3.36729582998647,0,"county seat",1,1,6,"0","0","0","Shanxi","Saturday","1",1,0,"1","yes and agree","familiar","never","heard but do not know",0,0,1875,0.390352736240351
2119,"6","6","7",0,4.55387689160054,3.97029191355212,0,"rural",1,1,4,"0","0","0","Shanxi","Thursday","0",1,0,"1","yes but disagree","heard but do not know","never","never",0,0,875,0.29
1103,"2","4","7",1,4.44265125649032,3.43398720448515,0,"rural",0,1,2,"1","1","1","Jilin","Sunday","1",0,0,"1","yes but disagree","heard but do not know","heard but do not know","heard but do not know",0,0,1600,0.396986886601427
2868,"4","4","3",0,5.13579843705026,3.68887945411394,0,"county seat",1,1,3,"1","0","0","Henan","Saturday","1",1,4,"1","yes but disagree","heard but do not know","never","never",0,1,2857,0.652822858651694
2003,"1","1","1",1,4.38202663467388,3.63758615972639,0,"county seat",1,1,1,"1","0","0","Henan","Wednesday","1",1,0,"1","no","heard but do not know","never","never",0,0,3176,1.90058965173231
2332,"1","1","1",0,4.60517018598809,3.55534806148941,0,"county seat",0,1,1,"1","0","0","Henan","Saturday","0",1,3,"1","yes and agree","heard but do not know","heard but do not know","never",0,1,3469,1.01475991221516
911,"4","2","2",0,4.38202663467388,2.99573227355399,0,"rural",0,0,5,"1","1","0","Shanxi","Sunday","1",0,5,"0","yes and agree","heard and know","heard but do not know","heard but do not know",0,1,800,0.662961022218672
3393,"4","5","7",1,4.70048036579242,3.52636052461616,0,"county seat",0,0,3,"0","0","0","Jilin","Saturday","0",1,0,"1","yes and agree","heard but do not know","heard but do not know","never",8,0,2000,1.06707173730585
2299,"5","5","2",0,4.06044301054642,4.02535169073515,0,"rural",1,1,5,"0","0","0","Jilin","Saturday","1",1,0,"1","yes and agree","heard but do not know","heard but do not know","never",8,0,1800,0.707536494715993
3311,"2","2","2",0,4.0943445622221,3.93182563272433,0,"county seat",1,0,3,"1","0","0","Jilin","Friday","1",1,0,"1","no","never","never","never",1,0,1620,0.978987610870783
1390,"1","1","1",0,4.38202663467388,3.63758615972639,0,"county seat",0,1,3,"1","0","0","Shanxi","Friday","1",1,0,"1","yes and agree","never","never","never",0,0,1143,2.33450446013243
1914,"7","7","7",1,3.98898404656427,2.83321334405622,0,"city",1,0,3,"1","0","0","Henan","Wednesday","0",1,1,"1","yes and agree","heard but do not know","never","never",6,1,500,2.08265601358925
2220,"6","5","1",0,4.24849524204936,3.3322045101752,0,"county seat",1,1,1,"1","0","0","Jilin","Friday","1",1,0,"1","yes but disagree","heard but do not know","never","never",6,0,2727,1.18327746774249
1985,"7","7","1",0,4.26267987704132,3.52636052461616,0,"county seat",0,1,3,"1","0","0","Jilin","Wednesday","1",0,0,"1","yes and agree","heard but do not know","heard but do not know","never",0,0,3000,0.372673552734844
1498,"2","2","2",0,4.23410650459726,3.43398720448515,0,"county seat",1,1,5,"1","0","0","Shanxi","Saturday","1",1,0,"1","no","heard but do not know","never","heard but do not know",12,0,2600,2.73763469141016
2395,"3","1","1",0,4.85203026391962,3.71357206670431,0,"county seat",0,1,3,"1","0","0","Henan","Sunday","1",0,0,"1","yes but disagree","never","never","never",0,0,2310,0.753587280600736
1580,"1","7","7",0,3.91202300542815,3.09104245335832,0,"rural",0,0,3,"0","0","0","Jilin","Saturday","1",1,0,"1","no","never","never","never",1,0,1200,1.81781554844494
1969,"2","2","2",0,4.38202663467388,3.89182029811063,0,"county seat",1,1,1,"1","0","0","Jilin","Wednesday","1",1,0,"1","no","heard but do not know","never","never",2,0,1517,1.08244097374843
2452,"4","2","1",0,4.78749174278205,4.07753744390572,0,"rural",0,1,3,"1","0","0","Henan","Monday","1",1,3,"1","yes and agree","heard and know","heard but do not know","never",6,1,6333,0.29
923,"2","1","1",0,4.55387689160054,3.04452243772342,0,"rural",0,0,2,"0","0","0","Shanxi","Sunday","1",0,0,"1","yes and agree","heard but do not know","never","never",0,0,1400,1.91444351623793
2263,"7","7","7",0,4.60517018598809,3.04452243772342,1,"city",1,0,4,"0","0","1","Shanxi","Friday","0",1,0,"1","yes and agree","heard but do not know","heard but do not know","heard but do not know",6,0,1320,0.564039248433492
2311,"4","4","4",0,3.68887945411394,3.55534806148941,0,"city",1,1,5,"1","0","0","Henan","Saturday","0",0,3,"1","yes but disagree","heard but do not know","never","heard but do not know",1,1,1875,2.22123853534043
3396,"7","6","7",1,4.4188406077966,3.46573590279973,1,"county seat",0,1,3,"1","0","0","Jilin","Saturday","0",1,0,"1","yes and agree","heard but do not know","heard but do not know","never",10,0,2474,0.407362342670444
1941,"7","6","7",0,4.39321382406445,3.8286413964891,0,"rural",1,0,1,"1","0","0","Shanxi","Tuesday","1",1,0,"1","yes and agree","never","never","never",2,0,1650,1.16317501624521
911,"4","1","1",0,4.52178857704904,4.39444915467244,0,"rural",1,0,2,"0","1","0","Shanxi","Sunday","1",1,0,"1","no","never","never","never",0,0,1000,1.05679384572594
3441,"2","2","2",1,4.23410650459726,3.97029191355212,0,"city",1,1,6,"0","0","0","Jilin","Sunday","1",1,0,"1","no","heard but do not know","never","never",20,0,1000,0.886072170525715
3261,"4","4","4",0,4.44265125649032,3.63758615972639,1,"county seat",1,1,3,"1","0","1","Jilin","Thursday","1",1,0,"1","no","never","never","never",8,0,893,0.29
148,"4","1","1",1,4.60517018598809,3.85014760171006,0,"county seat",0,1,5,"0","0","0","Shanxi","Saturday","1",0,0,"1","yes but disagree","never","never","never",1,0,1200,1.46520467803001
3423,"6","7","7",1,4.86753445045558,3.43398720448515,0,"county seat",0,1,3,"1","0","0","Shanxi","Saturday","1",0,0,"1","no","heard but do not know","never","never",0,0,1500,3.36961420810059
3362,"7","7","7",1,5.19295685089021,4.11087386417331,0,"rural",1,1,1,"0","0","0","Shanxi","Friday","1",1,0,"1","yes and agree","never","never","never",0,0,2000,0.556624584342293
1494,"7","7","4",0,4.31748811353631,3.2188758248682,0,"county seat",1,1,5,"0","0","0","Shanxi","Saturday","1",0,0,"1","yes but disagree","heard but do not know","heard but do not know","never",0,0,1750,0.467902055622054
2418,"7","7","7",0,4.49980967033027,3.73766961828337,1,"city",1,1,5,"1","0","0","Henan","Sunday","1",1,3,"1","yes and agree","heard and know","never","heard but do not know",6,1,1440,0.29
2210,"7","7","7",0,4.00733318523247,3.49650756146648,0,"county seat",0,0,3,"0","1","0","Jilin","Friday","1",1,0,"1","yes and agree","heard but do not know","heard but do not know","never",7,0,732,0.389552227928835
2612,"7","7","7",0,4.47733681447821,3.66356164612965,0,"county seat",0,1,6,"1","0","0","Henan","Thursday","1",0,3,"1","yes and agree","heard but do not know","heard but do not know","never",4,1,839,2.21590799964696
2415,"1","1","1",0,4.86753445045558,3.63758615972639,0,"county seat",1,1,1,"1","0","0","Henan","Sunday","1",1,0,"1","yes but disagree","heard but do not know","never","never",6,0,3000,0.719284534475195
2169,"7","7","7",1,4.60517018598809,3.63758615972639,0,"rural",1,1,3,"1","0","0","Shanxi","Thursday","1",1,0,"1","yes and agree","never","heard but do not know","never",0,0,857,1.75173861887515
2931,"5","6","5",1,4.43081679884331,3.85014760171006,0,"rural",1,1,6,"0","1","0","Jilin","Monday","1",0,0,"1","yes and agree","heard and know","heard but do not know","heard but do not know",4,0,2640,1.10583714859619
901,"2","1","1",0,4.49980967033027,4.12713438504509,0,"rural",0,1,2,"0","1","1","Shanxi","Sunday","1",1,0,"1","yes and agree","heard but do not know","never","never",5,0,1400,0.29
2391,"3","3","3",0,3.63758615972639,3.52636052461616,1,"city",0,1,6,"0","0","0","Jilin","Sunday","1",0,2,"1","yes and agree","never","never","never",6,1,840,0.372673552734844
2624,"5","3","3",0,4.49980967033027,3.76120011569356,0,"rural",1,1,5,"1","0","0","Jilin","Wednesday","1",0,3,"1","yes but disagree","heard but do not know","heard but do not know","never",8,1,1018,0.29
1391,"7","7","1",0,4.35670882668959,3.55534806148941,0,"county seat",1,1,4,"1","0","0","Shanxi","Friday","1",1,0,"1","yes and agree","never","never","never",2,0,509,0.833373707099913
105,"4","7","2",1,4.49980967033027,3.55534806148941,0,"city",1,1,5,"1","0","0","Shanxi","Friday","0",0,0,"1","yes and agree","heard and know","heard but do not know","never",20,0,4000,0.833373707099913
140,"7","7","7",1,4.40671924726425,3.93182563272433,1,"city",1,0,5,"0","0","0","Jilin","Thursday","0",0,0,"1","yes and agree","familiar","heard but do not know","never",10,0,1080,0.29
196,"4","2","1",0,4.49980967033027,4.02535169073515,0,"rural",1,1,2,"0","0","0","Shanxi","Sunday","1",1,0,"1","yes and agree","never","never","never",0,0,1400,0.707536494715993
2601,"7","4","4",0,4.38202663467388,4.17438726989564,0,"rural",0,1,5,"0","1","0","Jilin","Wednesday","1",1,0,"1","yes and agree","heard but do not know","never","never",4,0,427,0.29
1238,"7","7","7",0,3.87120101090789,3.58351893845611,0,"city",1,1,4,"0","0","0","Shanxi","Thursday","0",1,1,"1","yes and agree","heard but do not know","heard but do not know","heard but do not know",0,1,2000,2.10856569540875
3311,"6","6","2",0,4.31748811353631,3.58351893845611,0,"county seat",0,1,3,"1","0","0","Jilin","Friday","1",1,0,"1","yes and agree","never","never","never",6,0,1776,2.59169256823733
1411,"5","7","7",0,4.60517018598809,3.97029191355212,0,"county seat",1,1,3,"1","1","0","Shanxi","Saturday","0",1,0,"1","yes and agree","never","never","never",0,0,429,4.91507732311797
2212,"4","5","4",0,4.27666611901606,3.89182029811063,0,"city",0,1,4,"1","0","0","Henan","Friday","1",0,3,"1","yes and agree","heard but do not know","heard but do not know","heard but do not know",0,1,1750,0.29
2011,"7","7","7",0,2.89037175789616,3.2188758248682,1,"city",0,1,2,"0","0","0","Henan","Wednesday","1",0,2,"1","yes and agree","familiar","heard and know","heard and know",12,1,1440,0.562809000235141
2315,"1","1","1",0,4.38202663467388,4.07753744390572,0,"rural",1,1,4,"0","1","0","Jilin","Saturday","1",1,2,"1","no","never","never","never",0,1,2400,6.81468716144149
2250,"5","6","4",0,4.8283137373023,3.76120011569356,0,"county seat",1,1,5,"1","1","0","Henan","Friday","0",0,0,"1","yes and agree","heard but do not know","heard but do not know","never",0,0,4267,0.565605561669616
2352,"7","7","7",0,4.34380542185368,3.46573590279973,0,"city",0,0,3,"0","0","0","Shanxi","Saturday","0",0,0,"1","yes and agree","heard but do not know","heard but do not know","never",0,0,1300,1.1805150835197
2145,"1","1","1",1,4.78749174278205,3.43398720448515,0,"city",0,1,4,"1","0","0","Henan","Thursday","0",1,2,"1","yes and agree","heard and know","heard but do not know","heard but do not know",10,1,732,0.426155297891374
1614,"6","6","5",0,4.9416424226093,4.0943445622221,0,"rural",1,1,2,"0","1","0","Shanxi","Sunday","1",1,0,"1","no","never","never","never",0,0,1400,0.5836544866732
2542,"7","7","7",0,4.0943445622221,3.36729582998647,0,"county seat",0,0,3,"0","0","0","Jilin","Tuesday","0",1,0,"1","no","heard but do not know","never","never",10,0,960,1.3752537407827
2661,"7","7","7",0,4.78749174278205,3.2188758248682,0,"rural",0,1,3,"1","0","0","Henan","Wednesday","1",1,0,"1","no","never","never","never",2,0,1235,0.522548149800133
2500,"5","5","4",0,4.7361984483945,3.46573590279973,0,"county seat",1,1,3,"1","0","0","Henan","Tuesday","1",0,3,"1","no","heard and know","never","never",0,1,3571,2.59795518650299
1432,"7","7","7",0,4.60517018598809,4.06044301054642,0,"county seat",0,1,3,"1","1","0","Shanxi","Saturday","1",1,0,"1","yes but disagree","heard but do not know","never","never",0,0,938,0.84130530300695
2462,"5","5","5",0,4.60517018598809,3.3322045101752,0,"city",0,1,5,"0","1","0","Henan","Monday","1",0,7,"1","yes and agree","heard but do not know","heard but do not know","heard but do not know",4,1,3571,0.48898871152122
2511,"5","6","2",0,4.21950770517611,3.87120101090789,0,"rural",1,1,4,"0","0","0","Jilin","Tuesday","1",1,0,"1","no","never","never","never",4,0,3200,1.05149795660307
2255,"7","6","6",0,4.0943445622221,4.20469261939097,0,"rural",0,1,3,"0","1","0","Jilin","Friday","1",1,0,"0","yes and agree","never","never","never",6,0,1200,0.505643250985367
2412,"4","5","4",0,5.19295685089021,3.52636052461616,0,"rural",1,1,4,"1","0","0","Henan","Monday","1",0,3,"1","yes but disagree","heard but do not know","heard but do not know","never",10,1,2500,0.29
1410,"7","7","7",0,4.78749174278205,3.98898404656427,0,"county seat",0,1,1,"1","0","0","Shanxi","Saturday","1",1,0,"1","yes and agree","never","never","never",2,0,1429,1.02694389126558
2011,"1","1","1",1,4.78749174278205,3.68887945411394,0,"county seat",1,1,1,"1","0","0","Henan","Wednesday","1",0,0,"1","yes and agree","heard but do not know","never","never",0,0,4746,0.652822858651694
2281,"4","7","1",0,4.33073334028633,3.3322045101752,0,"county seat",0,1,3,"0","0","0","Jilin","Saturday","1",0,0,"1","no","heard but do not know","never","never",10,0,1385,0.48898871152122
1836,"7","7","4",0,4.60517018598809,3.2188758248682,1,"rural",1,1,3,"1","1","0","Shanxi","Tuesday","1",0,0,"1","yes and agree","heard but do not know","heard but do not know","never",0,0,948,0.435344981151462
1191,"1","1","1",1,4.49980967033027,3.25809653802148,1,"city",0,0,2,"1","0","0","Shanxi","Wednesday","0",0,0,"1","no","never","never","never",10,0,2133,0.536869282371849
1429,"7","7","7",0,4.38202663467388,3.97029191355212,0,"county seat",1,1,1,"0","0","0","Shanxi","Saturday","1",1,0,"1","yes and agree","never","never","never",0,0,780,0.886072170525715
2384,"6","4","6",0,3.80666248977032,4.04305126783455,0,"rural",1,1,5,"0","0","0","Jilin","Sunday","1",1,0,"1","no","never","never","never",4,0,563,3.66022611323826
1551,"1","3","1",0,4.0943445622221,3.43398720448515,0,"county seat",1,1,5,"1","0","0","Shanxi","Saturday","1",0,0,"1","no","never","never","never",0,0,2667,1.0171111632533
1415,"6","6","6",0,4.17438726989564,3.63758615972639,0,"county seat",1,1,4,"1","1","0","Shanxi","Saturday","1",1,0,"1","no","never","never","never",1,0,667,9.5
2454,"6","5","7",0,4.60517018598809,4.12713438504509,0,"rural",0,1,5,"0","0","0","Jilin","Monday","1",1,0,"0","yes and agree","heard but do not know","never","never",4,0,1091,0.29
3260,"4","4","4",0,4.58496747867057,3.49650756146648,0,"county seat",1,1,4,"1","0","1","Jilin","Thursday","1",1,0,"1","no","never","never","never",5,0,1059,0.29
1890,"4","2","3",0,4.54329478227,3.80666248977032,0,"city",1,1,5,"1","1","0","Shanxi","Tuesday","1",0,1,"1","yes and agree","heard but do not know","never","never",5,1,2400,0.514797868135961
2329,"2","4","4",0,4.00733318523247,2.99573227355399,1,"city",0,0,3,"0","0","0","Jilin","Saturday","1",0,2,"1","yes and agree","heard but do not know","heard but do not know","never",2,1,6180,0.71562634520204
1511,"4","4","4",0,4.44265125649032,4.18965474202643,0,"county seat",1,1,4,"0","1","0","Shanxi","Saturday","1",1,0,"1","no","never","never","never",0,0,1000,5.10917698840774
1440,"7","7","7",0,3.95124371858143,3.58351893845611,0,"county seat",1,1,6,"1","1","0","Shanxi","Saturday","1",0,0,"1","yes and agree","heard and know","never","heard and know",0,0,900,2.10856569540875
1918,"4","2","2",0,3.86283276123737,4.34380542185368,0,"city",1,0,5,"0","1","0","Jilin","Wednesday","1",1,0,"1","no","never","never","never",2,0,1183,1.40250353920358
3125,"3","4","4",1,4.44265125649032,3.17805383034795,0,"county seat",0,0,5,"0","0","0","Jilin","Wednesday","1",0,0,"1","yes and agree","heard but do not know","heard but do not know","heard but do not know",12,0,1429,0.590180185840672
2595,"1","1","1",0,4.78749174278205,3.95124371858143,0,"rural",0,1,4,"1","0","0","Henan","Wednesday","1",1,4,"1","yes and agree","never","never","never",0,1,1618,5.87962772726106
153,"4","4","4",0,4.31748811353631,3.46573590279973,0,"city",1,1,5,"1","0","1","Henan","Thursday","1",0,4,"1","yes and agree","heard and know","heard but do not know","never",5,1,625,0.29
2029,"4","3","4",1,3.68887945411394,3.73766961828337,0,"rural",0,1,4,"0","0","0","Henan","Wednesday","1",0,2,"1","yes but disagree","heard but do not know","never","never",0,1,3929,1.74756973262942
1684,"2","1","1",0,4.86753445045558,3.76120011569356,0,"rural",1,1,2,"1","0","0","Shanxi","Sunday","1",1,0,"1","no","never","never","never",0,0,1714,1.35488163781115
1182,"7","7","1",0,3.98898404656427,3.87120101090789,1,"city",0,1,5,"0","0","1","Jilin","Monday","1",0,1,"1","yes but disagree","heard and know","heard and know","heard and know",0,1,2667,0.29
3398,"4","4","3",1,4.48863636973214,3.58351893845611,0,"county seat",1,1,4,"1","0","0","Jilin","Saturday","0",0,2,"1","yes and agree","heard but do not know","never","never",10,1,1158,2.10856569540875
2182,"6","6","7",1,4.49980967033027,3.55534806148941,0,"county seat",1,1,4,"1","1","0","Henan","Thursday","0",1,3,"1","no","never","never","never",2,1,2455,0.833373707099913
914,"1","1","1",0,5.22035582507832,4.11087386417331,0,"rural",1,1,2,"0","0","0","Shanxi","Sunday","1",1,0,"1","yes but disagree","never","never","never",0,0,1800,0.29
3384,"5","5","4",0,4.38202663467388,3.43398720448515,0,"county seat",0,1,5,"0","0","0","Jilin","Friday","1",1,0,"1","no","never","never","never",0,0,1563,3.36961420810059
2544,"2","4","4",1,4.40671924726425,3.43398720448515,0,"county seat",0,0,3,"0","0","0","Jilin","Tuesday","0",1,0,"1","no","heard but do not know","never","never",15,0,800,0.426155297891374
2161,"1","1","1",1,4.9416424226093,3.68887945411394,0,"county seat",1,1,1,"1","0","0","Henan","Thursday","0",0,3,"1","yes but disagree","never","never","never",0,1,3269,1.71379837552918
933,"4","4","3",0,3.76120011569356,3.97029191355212,0,"city",1,1,5,"0","0","0","Jilin","Monday","1",1,0,"1","yes but disagree","heard but do not know","never","never",2,0,583,0.886072170525715
3315,"7","7","7",0,4.35670882668959,3.25809653802148,0,"county seat",1,1,4,"1","1","0","Jilin","Friday","1",0,0,"1","yes and agree","heard but do not know","never","never",0,0,1527,0.446925814010253
3218,"1","3","4",0,4.55387689160054,3.36729582998647,0,"county seat",0,1,5,"1","0","0","Jilin","Thursday","1",0,0,"1","yes and agree","never","never","never",6,0,2160,0.46690967267782
2302,"5","4","5",0,4.70048036579242,2.94443897916644,1,"city",0,0,4,"0","1","0","Jilin","Saturday","1",0,0,"1","yes and agree","heard and know","heard but do not know","heard and know",2,0,1776,0.751430664156505
2205,"7","7","7",0,3.91202300542815,3.76120011569356,0,"city",1,1,3,"1","0","0","Shanxi","Thursday","1",0,1,"1","yes and agree","heard and know","heard but do not know","heard but do not know",10,1,2600,0.565605561669616
2569,"7","7","7",1,4.33073334028633,3.68887945411394,0,"county seat",1,1,3,"1","0","0","Jilin","Wednesday","1",0,0,"1","no","never","never","never",6,0,1818,0.29
1988,"4","4","2",0,4.49980967033027,3.85014760171006,0,"city",1,1,3,"0","0","0","Shanxi","Wednesday","1",0,0,"1","yes but disagree","heard but do not know","never","never",1,0,2708,1.19762740832752
2814,"4","2","2",0,5.01063529409626,3.63758615972639,0,"rural",1,1,3,"1","0","0","Henan","Saturday","1",0,0,"1","yes but disagree","never","never","never",0,0,4398,1.75173861887515
1699,"5","5","4",0,5.07517381523383,3.87120101090789,0,"rural",1,1,3,"0","0","0","Shanxi","Sunday","1",1,0,"1","yes and agree","heard but do not know","never","never",0,0,1340,1.05149795660307
2481,"2","2","3",0,4.23410650459726,3.78418963391826,0,"city",1,1,5,"1","0","0","Jilin","Monday","1",1,0,"1","yes but disagree","heard but do not know","never","heard but do not know",0,0,2572,0.539519588268097
1832,"7","7","6",0,4.46590811865458,3.95124371858143,0,"rural",1,1,3,"0","0","0","Shanxi","Tuesday","1",1,0,"1","yes and agree","never","heard but do not know","heard but do not know",0,0,445,0.29
2493,"4","5","5",0,5.29831736654804,3.29583686600433,1,"city",1,1,3,"0","0","0","Shanxi","Monday","1",0,0,"1","yes and agree","never","never","never",5,0,1560,0.427046595145418
1081,"4","4","2",0,4.65396035015752,3.55534806148941,1,"city",1,1,5,"1","1","0","Shanxi","Tuesday","0",1,0,"1","yes but disagree","heard but do not know","never","never",2,0,3200,0.29
1561,"7","7","7",0,4.60517018598809,2.99573227355399,0,"county seat",0,0,3,"1","1","0","Shanxi","Saturday","1",0,0,"1","yes and agree","never","never","never",0,0,1200,2.18863615172015
2128,"3","4","3",0,3.91202300542815,4.14313472639153,0,"city",1,1,6,"0","1","0","Jilin","Thursday","1",1,0,"1","no","never","never","never",2,0,1440,0.54559528822471
1514,"7","7","7",0,3.2188758248682,4.00733318523247,0,"county seat",1,1,1,"1","0","0","Shanxi","Saturday","1",1,0,"0","no","heard and know","never","never",0,0,1320,0.802621243321656
1696,"4","3","4",0,4.78749174278205,3.71357206670431,0,"rural",1,1,1,"1","0","0","Shanxi","Sunday","1",1,0,"1","no","never","never","never",0,0,1400,1.50096668947643
1256,"5","5","4",0,4.18965474202643,4.04305126783455,0,"city",1,1,3,"0","1","0","Jilin","Thursday","0",1,0,"1","yes and agree","never","never","heard but do not know",14,0,1091,0.29
3419,"7","7","7",0,4.24849524204936,3.52636052461616,0,"county seat",0,1,3,"0","1","0","Jilin","Saturday","1",1,0,"1","no","heard but do not know","never","never",15,0,600,9.5
2320,"7","7","6",0,5.04342511691925,2.94443897916644,1,"rural",0,0,4,"0","0","0","Jilin","Saturday","1",0,0,"1","yes and agree","heard but do not know","heard but do not know","heard and know",0,0,1961,0.695859036972658
3050,"7","7","7",1,4.60517018598809,3.63758615972639,0,"rural",1,1,3,"0","0","0","Shanxi","Wednesday","0",0,0,"1","yes and agree","heard but do not know","never","never",0,0,2180,1.75173861887515
981,"2","3","3",0,4.17438726989564,3.55534806148941,0,"city",1,0,4,"0","1","0","Shanxi","Monday","1",1,0,"1","yes but disagree","heard but do not know","never","never",2,0,800,0.29
1420,"7","2","2",0,4.0561233494019,4.12713438504509,0,"county seat",1,1,3,"0","1","0","Shanxi","Saturday","1",1,0,"1","no","never","never","never",5,0,1000,6.31778598227502
3453,"1","1","1",1,4.57471097850338,3.40119738166216,1,"city",0,1,2,"0","0","0","Shanxi","Sunday","1",0,0,"1","yes and agree","heard and know","heard but do not know","heard but do not know",2,0,2160,0.445985331052855
2559,"4","5","5",0,3.68887945411394,4.04305126783455,0,"rural",0,1,4,"0","0","0","Jilin","Wednesday","1",1,0,"1","no","never","never","never",4,0,909,4.51051264110918
3445,"7","7","7",1,4.38202663467388,4.14313472639153,0,"county seat",0,1,1,"1","1","0","Shanxi","Sunday","1",1,0,"1","no","never","never","never",2,0,3390,0.658886294294631
3293,"7","7","2",0,4.0943445622221,3.43398720448515,0,"city",1,1,2,"1","0","0","Jilin","Thursday","1",1,0,"1","yes and agree","heard and know","heard but do not know","never",0,0,3000,0.357396571614206
1518,"1","7","1",0,4.38202663467388,3.3322045101752,0,"county seat",0,1,3,"1","0","0","Shanxi","Saturday","1",0,0,"1","no","never","never","never",0,0,1333,1.44745920117007
2491,"1","4","1",0,4.90527477843843,3.63758615972639,1,"city",1,1,4,"1","0","0","Shanxi","Tuesday","1",0,0,"1","yes and agree","never","never","never",5,0,1508,0.29
2232,"2","3","1",0,4.86753445045558,3.97029191355212,0,"county seat",1,1,7,"0","0","0","Henan","Friday","0",0,1,"1","yes and agree","heard but do not know","never","never",0,1,1167,0.886072170525715
2015,"2","1","1",0,4.8283137373023,3.13549421592915,1,"city",1,0,4,"1","0","0","Henan","Wednesday","1",0,3,"1","yes and agree","heard and know","never","never",5,1,1257,0.513391102033781
1462,"7","7","6",0,4.31748811353631,3.8286413964891,0,"county seat",0,1,3,"1","1","0","Shanxi","Saturday","1",1,0,"1","yes but disagree","never","never","never",0,0,1440,0.591828845854288
2586,"1","1","1",0,4.86753445045558,3.85014760171006,0,"rural",1,1,4,"1","0","0","Henan","Wednesday","1",1,4,"1","no","never","never","heard but do not know",0,1,4111,1.10583714859619
1250,"7","7","7",0,4.15888308335967,4.11087386417331,0,"city",1,1,4,"0","1","0","Shanxi","Thursday","0",1,1,"1","yes and agree","heard but do not know","heard but do not know","heard but do not know",4,1,856,0.599895843933836
2455,"2","2","2",0,4.02535169073515,4.15888308335967,0,"city",1,1,5,"0","1","0","Jilin","Monday","1",1,0,"1","yes but disagree","heard but do not know","heard but do not know","never",2,0,1200,0.520555819032494
2289,"5","4","4",0,3.40119738166216,3.68887945411394,0,"county seat",1,1,4,"1","0","0","Henan","Saturday","0",1,1,"1","yes and agree","heard but do not know","never","never",0,1,840,1.71379837552918
2651,"7","7","7",0,4.70953020131233,3.04452243772342,0,"county seat",1,0,3,"0","0","0","Henan","Wednesday","1",1,0,"0","no","never","never","never",2,0,252,0.564039248433492
1186,"1","2","2",0,5.56068163101553,3.2188758248682,1,"rural",1,0,3,"0","0","0","Shanxi","Wednesday","1",1,0,"1","yes and agree","heard but do not know","never","never",1,0,1100,0.435344981151462
2413,"6","1","1",0,4.49980967033027,3.61091791264422,1,"county seat",1,1,4,"1","1","0","Henan","Monday","1",0,4,"1","yes but disagree","heard but do not know","never","never",0,1,2822,0.29
3403,"7","7","4",1,4.36944785246702,3.46573590279973,0,"county seat",1,1,3,"1","0","0","Jilin","Saturday","0",1,0,"1","no","heard but do not know","heard but do not know","never",10,0,1400,0.29
1533,"4","2","2",0,3.91202300542815,3.63758615972639,0,"county seat",1,1,5,"1","0","0","Shanxi","Saturday","1",1,0,"1","no","heard but do not know","never","heard but do not know",0,0,1250,1.90058965173231
2310,"5","2","1",0,4.60517018598809,2.94443897916644,0,"city",0,0,3,"1","0","0","Henan","Saturday","0",1,0,"1","yes but disagree","heard but do not know","never","heard but do not know",2,0,760,2.30572763166636
2811,"2","1","1",0,4.78749174278205,3.73766961828337,0,"county seat",1,1,4,"1","0","0","Henan","Friday","1",1,2,"1","yes and agree","never","never","never",14,1,4107,1.54603395300811
2530,"4","3","5",0,4.78749174278205,3.63758615972639,0,"county seat",1,1,5,"1","0","0","Henan","Tuesday","1",1,4,"1","yes but disagree","heard but do not know","heard but do not know","never",15,1,3833,0.719284534475195
2582,"2","4","2",0,4.49980967033027,4.21950770517611,0,"rural",1,1,5,"0","1","0","Jilin","Wednesday","1",1,0,"1","no","never","never","never",4,0,432,0.40311614549737
825,"2","2","1",0,4.31748811353631,3.55534806148941,1,"rural",0,1,3,"0","0","0","Shanxi","Sunday","1",0,0,"1","yes and agree","heard and know","heard and know","heard but do not know",1,0,1400,0.29
2298,"6","7","1",0,4.49980967033027,3.3322045101752,0,"rural",0,1,3,"1","0","0","Shanxi","Saturday","0",1,0,"1","no","never","never","never",0,0,2391,3.63215982833631
2206,"4","7","7",1,4.48863636973214,3.25809653802148,1,"city",1,0,4,"1","0","0","Henan","Thursday","0",0,3,"1","no","never","never","heard but do not know",2,1,2374,0.446925814010253
3411,"7","7","7",1,5.19295685089021,3.09104245335832,0,"county seat",1,0,3,"0","0","0","Shanxi","Saturday","1",1,0,"1","yes and agree","never","never","never",2,0,1418,0.538035190623942
349,"4","4","4",0,4.24849524204936,3.55534806148941,0,"city",0,1,5,"1","0","1","Henan","Thursday","1",0,3,"1","yes and agree","heard and know","heard but do not know","never",5,1,563,0.29
1153,"4","2","4",0,3.68887945411394,4.24849524204936,0,"city",1,1,5,"0","1","0","Jilin","Monday","1",1,0,"1","no","never","never","never",4,0,1467,0.29
2103,"4","4","4",0,3.91202300542815,3.98898404656427,0,"rural",1,1,6,"0","0","0","Jilin","Thursday","1",1,0,"1","yes but disagree","heard but do not know","heard but do not know","never",6,0,1856,0.29
1120,"7","7","7",1,4.60517018598809,3.09104245335832,0,"rural",1,0,3,"1","0","0","Shanxi","Wednesday","1",0,0,"0","yes and agree","heard but do not know","never","heard but do not know",0,0,533,0.49978527711044
2115,"4","2","4",1,4.49980967033027,3.89182029811063,0,"city",1,1,4,"0","0","0","Shanxi","Thursday","1",0,0,"1","no","never","never","never",2,0,2400,0.428181366720944
2418,"7","6","4",0,4.55387689160054,3.29583686600433,1,"city",1,0,4,"0","0","0","Shanxi","Monday","1",1,0,"1","yes and agree","never","never","never",40,0,1440,0.427046595145418
2629,"4","2","4",0,3.91202300542815,3.63758615972639,0,"county seat",1,1,4,"1","0","0","Henan","Wednesday","1",1,4,"1","yes but disagree","heard but do not know","never","never",0,1,1218,1.90058965173231
3401,"7","6","7",1,4.40671924726425,3.36729582998647,1,"county seat",0,1,3,"1","0","0","Jilin","Saturday","0",0,0,"1","yes and agree","heard but do not know","heard but do not know","never",6,0,2018,0.46690967267782
3365,"7","7","3",0,4.17438726989564,3.52636052461616,0,"city",0,1,3,"1","0","0","Jilin","Friday","1",1,0,"1","yes and agree","heard and know","heard but do not know","never",0,0,893,2.87804943827722
2535,"7","4","4",0,4.78749174278205,3.58351893845611,0,"county seat",1,1,5,"1","0","0","Henan","Tuesday","1",0,4,"1","yes but disagree","heard but do not know","heard but do not know","never",6,1,2625,0.29
2832,"1","1","2",0,4.40671924726425,3.43398720448515,0,"county seat",1,1,4,"0","0","0","Gansu","Friday","1",1,0,"1","yes and agree","never","heard but do not know","never",8,0,1724,0.357396571614206
2142,"7","7","7",0,5.31320597904179,3.55534806148941,0,"rural",0,1,4,"1","0","0","Guizhou","Thursday","0",0,0,"1","no","never","never","never",15,0,4036,0.29
3328,"6","5","5",0,4.70048036579242,3.49650756146648,0,"city",0,0,4,"0","0","0","Guangxi","Thursday","0",1,0,"1","no","never","never","never",0,0,1875,1.12227035902825
2163,"7","2","2",1,5.07517381523383,3.58351893845611,0,"rural",1,1,4,"1","0","0","Gansu","Thursday","1",1,0,"1","yes and agree","heard but do not know","heard but do not know","heard but do not know",8,0,1393,0.734314968914343
884,"7","7","4",0,4.56434819146784,3.55534806148941,1,"city",1,1,5,"1","0","1","Guizhou","Sunday","0",0,0,"1","yes and agree","familiar","heard but do not know","never",2,0,12800,0.29
2846,"1","1","1",0,4.21950770517611,3.66356164612965,0,"county seat",1,1,4,"0","0","0","Gansu","Friday","1",1,0,"1","yes and agree","heard but do not know","never","never",12,0,1582,0.29
2961,"2","2","1",0,4.60517018598809,3.55534806148941,0,"county seat",1,1,4,"1","0","0","Guangxi","Monday","0",0,2,"1","yes and agree","heard but do not know","heard but do not know","heard but do not know",0,1,5200,0.833373707099913
3418,"3","3","2",0,4.46590811865458,3.43398720448515,0,"county seat",0,1,3,"1","0","0","Guangxi","Saturday","0",1,0,"1","yes and agree","heard but do not know","heard but do not know","never",4,0,1765,0.426155297891374
619,"7","7","7",0,4.56434819146784,3.2188758248682,0,"county seat",1,1,4,"0","0","0","Guizhou","Friday","0",0,0,"1","yes but disagree","heard but do not know","never","never",20,0,1438,0.467902055622054
2853,"1","1","3",0,4.24849524204936,3.43398720448515,1,"county seat",1,0,4,"0","0","0","Gansu","Friday","1",1,1,"1","yes and agree","never","never","never",10,1,1333,0.357396571614206
1194,"7","7","7",0,4.78749174278205,3.2188758248682,0,"rural",0,0,4,"1","0","0","Guizhou","Monday","0",0,0,"1","yes but disagree","never","never","never",10,0,3000,1.55720920924141
2181,"1","1","3",1,4.49980967033027,3.43398720448515,0,"county seat",1,1,4,"0","0","0","Gansu","Thursday","0",1,0,"0","no","never","never","never",0,0,2400,0.357396571614206
1218,"2","2","1",0,4.60517018598809,3.76120011569356,0,"rural",1,1,4,"1","0","0","Gansu","Thursday","1",1,0,"0","yes but disagree","heard but do not know","never","never",0,0,2000,0.29
1888,"2","2","2",0,4.60517018598809,3.52636052461616,1,"city",0,0,3,"0","1","0","Gansu","Tuesday","1",0,0,"1","no","never","never","never",14,0,960,0.372673552734844
2680,"1","2","2",1,5.13579843705026,3.43398720448515,0,"rural",1,1,3,"1","0","0","Gansu","Thursday","1",1,0,"1","yes and agree","never","never","never",5,0,462,0.93997374811263
1236,"1","1","1",0,4.31748811353631,4.4188406077966,0,"rural",0,0,1,"0","1","0","Gansu","Thursday","0",1,0,"0","no","never","never","never",0,0,1600,2.3657337233901
3132,"6","6","6",0,4.04305126783455,3.85014760171006,0,"city",0,0,4,"0","0","0","Guangxi","Wednesday","0",1,0,"1","yes and agree","heard but do not know","never","never",0,0,1173,0.29
3026,"6","7","5",0,4.55387689160054,3.66356164612965,1,"city",1,1,4,"0","0","0","Guangxi","Wednesday","0",1,4,"1","yes and agree","heard but do not know","never","never",10,1,2407,0.29
2831,"7","7","7",0,4.9416424226093,3.85014760171006,0,"rural",0,1,3,"1","0","0","Gansu","Friday","0",1,0,"1","yes but disagree","never","never","never",10,0,2209,1.35169466588898
2154,"1","1","1",0,5.36129216570943,3.13549421592915,0,"rural",0,0,3,"0","0","0","Guizhou","Thursday","0",1,0,"1","yes and agree","never","never","never",0,0,3125,0.574234834677739
1565,"5","6","5",0,4.66343909411207,3.13549421592915,1,"city",1,0,3,"0","0","0","Guizhou","Saturday","0",0,0,"1","yes and agree","heard but do not know","never","never",10,0,3475,0.513391102033781
2416,"7","7","2",0,4.52178857704904,3.76120011569356,0,"city",0,1,5,"1","0","0","Guangxi","Monday","0",0,0,"1","yes and agree","heard but do not know","never","never",0,0,3571,0.683631473013212
2185,"1","1","1",1,4.86753445045558,3.58351893845611,0,"rural",1,1,3,"0","0","0","Gansu","Thursday","1",1,0,"1","yes and agree","heard but do not know","never","never",7,0,2082,0.734314968914343
2343,"7","7","7",0,4.7361984483945,3.87120101090789,1,"county seat",0,1,4,"1","0","1","Gansu","Saturday","0",0,0,"1","yes and agree","never","never","never",0,0,1517,0.29
1223,"1","1","1",0,4.24849524204936,3.66356164612965,0,"rural",0,1,2,"1","1","0","Gansu","Thursday","1",1,0,"0","no","never","never","never",2,0,3000,9.5
1301,"7","7","7",0,4.29728540621879,3.29583686600433,0,"city",1,1,4,"1","0","0","Guangxi","Friday","0",0,3,"1","yes and agree","familiar","heard but do not know","never",0,1,7306,0.427046595145418
1193,"3","3","4",0,4.29045944114839,3.68887945411394,0,"city",1,1,6,"1","0","0","Gansu","Monday","1",1,0,"1","yes and agree","heard and know","heard but do not know","never",14,0,1527,0.652822858651694
2393,"4","4","4",0,4.46590811865458,3.87120101090789,1,"county seat",0,1,4,"0","0","1","Gansu","Sunday","1",0,4,"1","yes and agree","never","heard and know","heard and know",1,1,3115,0.29
2144,"2","2","2",0,5.52146091786225,3.55534806148941,0,"rural",0,1,3,"1","1","0","Guizhou","Thursday","0",0,0,"1","yes and agree","heard but do not know","heard but do not know","never",0,0,3057,0.937813352562541
1483,"6","2","2",0,4.44265125649032,4.06044301054642,0,"city",0,1,5,"0","1","0","Gansu","Saturday","1",1,0,"1","yes and agree","heard but do not know","heard but do not know","never",2,0,880,0.29
1695,"7","4","4",0,5.39362754635236,3.2188758248682,0,"rural",0,1,1,"1","0","0","Guizhou","Sunday","1",1,0,"1","no","never","never","never",0,0,1191,1.55720920924141
1530,"7","7","3",0,4.0943445622221,4.06044301054642,0,"city",0,1,5,"0","0","0","Gansu","Saturday","1",1,0,"1","yes and agree","heard but do not know","heard but do not know","never",0,0,2364,0.29
1642,"4","4","2",0,4.47733681447821,3.76120011569356,0,"city",1,1,3,"1","1","0","Gansu","Sunday","0",0,0,"1","yes and agree","heard and know","heard and know","heard and know",24,0,2600,0.29
3329,"2","3","2",0,4.78749174278205,3.13549421592915,0,"rural",1,0,4,"0","1","0","Guangxi","Thursday","0",1,3,"1","yes and agree","heard but do not know","never","never",0,1,1043,0.477141595741477
1935,"1","1","1",0,4.77068462446567,3.13549421592915,1,"county seat",0,0,4,"0","0","0","Guizhou","Tuesday","1",0,0,"1","yes but disagree","never","never","never",0,0,1444,0.619061833875582
1383,"2","7","3",0,4.40671924726425,3.55534806148941,0,"city",1,1,4,"1","0","1","Guizhou","Friday","0",0,0,"1","yes and agree","heard but do not know","heard but do not know","never",17,0,1690,0.29
3020,"2","2","2",0,4.68213122712422,3.46573590279973,0,"city",0,1,5,"1","0","0","Guangxi","Wednesday","0",1,0,"1","yes and agree","heard but do not know","never","never",6,0,864,0.407362342670444
2922,"1","1","1",0,4.70048036579242,3.66356164612965,0,"county seat",1,1,4,"1","0","0","Guangxi","Sunday","1",0,2,"1","no","heard but do not know","never","never",0,1,3009,1.80468621814222
2112,"1","1","1",0,5.54126354515843,3.66356164612965,0,"rural",0,0,3,"1","1","0","Guizhou","Thursday","0",0,0,"1","no","never","never","never",0,0,2647,0.29
3211,"6","5","4",0,4.31748811353631,3.2188758248682,0,"city",1,0,4,"0","0","0","Guangxi","Thursday","0",1,0,"1","no","never","never","never",0,0,1600,3.75331962561628
1252,"1","1","1",0,5.13579843705026,3.89182029811063,0,"rural",0,1,2,"0","1","0","Gansu","Thursday","1",0,0,"0","yes and agree","never","never","never",0,0,4000,6.89604008710093
1619,"7","7","7",0,4.49980967033027,3.29583686600433,0,"city",0,1,4,"1","0","0","Guizhou","Saturday","0",1,0,"1","no","never","never","never",10,0,2077,0.51228616885516
1411,"2","2","7",0,4.78749174278205,3.29583686600433,1,"city",1,1,5,"0","0","0","Gansu","Saturday","0",0,0,"1","no","heard but do not know","never","never",0,0,1440,0.427046595145418
1241,"1","1","1",0,4.0943445622221,3.76120011569356,0,"rural",1,1,2,"0","0","0","Gansu","Thursday","0",0,0,"0","no","never","never","never",0,0,4000,1.35488163781115
2396,"6","6","6",0,4.48863636973214,3.85014760171006,1,"county seat",1,1,6,"0","0","0","Gansu","Sunday","1",0,0,"1","yes and agree","heard but do not know","heard but do not know","heard but do not know",0,0,1517,0.29
2813,"7","7","7",0,4.49980967033027,3.17805383034795,1,"city",1,0,4,"0","0","1","Guizhou","Friday","0",1,0,"1","yes and agree","heard but do not know","heard but do not know","never",36,0,5000,0.490035858521876
2168,"4","4","4",1,5.24702407216049,3.52636052461616,0,"rural",1,1,3,"0","1","0","Gansu","Thursday","1",1,0,"1","no","never","never","never",0,0,2450,0.81001900038697
949,"7","4","5",0,5.7037824746562,4.14313472639153,0,"rural",1,1,4,"0","1","0","Guizhou","Monday","0",1,0,"1","no","never","never","never",5,0,1842,2.67018977089485
1143,"4","4","4",0,4.78749174278205,3.52636052461616,0,"city",1,1,5,"1","1","1","Gansu","Monday","1",1,0,"1","no","heard but do not know","never","never",14,0,2708,0.29
3005,"1","1","1",1,4.58496747867057,3.63758615972639,0,"county seat",1,1,4,"1","0","0","Guangxi","Tuesday","1",1,2,"1","yes and agree","heard and know","never","never",4,1,3164,0.719284534475195
2141,"7","7","7",0,5.91350300563827,3.8286413964891,0,"rural",0,1,3,"0","1","0","Guizhou","Thursday","0",1,0,"1","no","never","never","never",25,0,4924,1.42260003288578
1620,"7","7","7",0,4.49980967033027,3.58351893845611,1,"city",0,1,5,"1","1","1","Guizhou","Saturday","0",1,0,"1","yes but disagree","heard and know","heard but do not know","never",14,0,2606,0.29
2915,"4","4","4",1,4.70048036579242,3.43398720448515,0,"county seat",1,1,5,"1","1","0","Guangxi","Tuesday","0",1,2,"1","no","never","never","never",0,1,4296,1.0171111632533
2421,"4","4","4",0,3.87120101090789,3.63758615972639,0,"county seat",1,1,3,"1","0","0","Gansu","Sunday","1",1,0,"1","no","never","never","never",2,0,3115,1.90058965173231
2998,"2","3","2",0,4.59005654817804,3.66356164612965,0,"city",1,1,5,"1","0","0","Guangxi","Tuesday","1",1,0,"1","yes and agree","heard but do not know","never","never",10,0,876,0.29
114,"5","7","6",0,5.7037824746562,3.36729582998647,0,"rural",0,0,4,"0","0","0","Guizhou","Saturday","0",0,0,"1","no","never","never","never",0,0,2800,1.26904521612678
1198,"5","5","5",0,4.35670882668959,3.8286413964891,0,"city",1,1,5,"1","0","0","Gansu","Monday","1",1,0,"1","yes and agree","never","never","never",0,0,1841,0.491369053083343
1916,"7","6","6",0,4.36944785246702,3.58351893845611,0,"city",1,1,4,"1","0","0","Guangxi","Wednesday","1",1,0,"1","yes and agree","heard and know","heard and know","heard but do not know",1,0,3959,0.29
1169,"6","6","7",0,4.44265125649032,3.49650756146648,0,"city",1,1,4,"1","0","0","Guizhou","Wednesday","0",0,0,"1","no","heard but do not know","never","never",18,0,1760,0.29
2265,"1","1","1",0,4.58496747867057,3.29583686600433,1,"county seat",1,1,4,"1","0","0","Guizhou","Friday","0",0,0,"1","yes but disagree","heard but do not know","heard but do not know","never",0,0,1778,0.427046595145418
2946,"4","4","4",0,4.70048036579242,3.95124371858143,0,"rural",1,1,5,"1","0","0","Guangxi","Monday","1",1,0,"1","no","never","never","never",0,0,3022,4.76736571255231
1930,"2","4","2",0,4.49980967033027,3.13549421592915,1,"county seat",0,0,3,"0","0","0","Guizhou","Tuesday","1",1,0,"1","yes and agree","never","never","never",0,0,1517,0.619061833875582
2134,"1","1","1",1,5.23110861685459,3.58351893845611,0,"rural",1,1,3,"1","0","0","Gansu","Thursday","1",1,0,"1","yes and agree","never","never","never",0,0,1588,0.734314968914343
2861,"5","5","5",0,4.49980967033027,4.00733318523247,0,"county seat",1,1,6,"1","1","0","Guangxi","Saturday","1",1,1,"1","no","never","never","never",0,1,4000,0.802621243321656
2241,"1","1","1",0,4.72738781871234,3.29583686600433,0,"county seat",0,1,4,"1","0","0","Guizhou","Friday","0",1,0,"1","no","heard but do not know","heard but do not know","never",20,0,840,0.51228616885516
1480,"1","3","1",0,4.38202663467388,3.3322045101752,0,"city",1,1,4,"0","0","0","Gansu","Saturday","0",0,0,"1","yes and agree","heard and know","never","never",4,0,615,0.408207026552079
3104,"2","2","2",0,4.0943445622221,3.71357206670431,0,"city",0,1,6,"1","0","0","Guangxi","Wednesday","0",0,3,"1","yes and agree","heard but do not know","never","never",20,1,1182,0.29
2818,"7","7","7",0,4.69134788222914,3.66356164612965,0,"city",0,0,4,"1","0","1","Guizhou","Friday","0",0,0,"1","yes and agree","heard but do not know","heard but do not know","never",0,0,2857,0.29
2135,"1","1","1",1,5.18738580584075,3.52636052461616,0,"rural",1,1,4,"1","0","0","Gansu","Thursday","1",1,0,"1","yes and agree","never","never","never",8,0,1515,0.81001900038697
3301,"7","7","7",1,4.60517018598809,4.02535169073515,0,"rural",1,1,6,"1","0","0","Guangxi","Thursday","0",1,0,"1","yes and agree","heard but do not know","heard but do not know","heard but do not know",0,0,1300,0.707536494715993
3214,"7","2","1",0,4.47733681447821,3.25809653802148,0,"rural",0,1,6,"0","1","0","Guangxi","Thursday","0",1,0,"1","yes and agree","heard but do not know","never","never",20,0,1786,0.49871400783346
1419,"7","7","4",0,4.44265125649032,3.25809653802148,1,"city",1,1,5,"0","0","1","Guizhou","Saturday","0",0,0,"1","yes and agree","heard but do not know","never","never",8,0,2310,0.446925814010253
1152,"5","5","5",0,4.42723897749543,3.63758615972639,0,"city",1,1,2,"1","0","0","Gansu","Monday","1",1,0,"1","no","never","never","never",2,0,1636,1.90058965173231
2133,"1","1","1",1,4.24849524204936,3.52636052461616,0,"rural",1,1,5,"0","1","0","Gansu","Thursday","1",1,0,"1","yes but disagree","never","never","never",0,0,1333,0.81001900038697
1933,"7","7","6",1,4.24849524204936,3.66356164612965,1,"city",0,1,4,"1","1","0","Gansu","Tuesday","1",1,2,"1","yes and agree","heard and know","heard and know","heard but do not know",14,1,1200,0.29
2243,"6","5","6",0,4.55387689160054,2.89037175789616,0,"county seat",0,0,5,"1","1","0","Guizhou","Friday","0",1,0,"1","yes and agree","never","never","heard but do not know",6,0,1111,0.789210822936457
2808,"1","1","1",0,4.9416424226093,3.71357206670431,0,"county seat",1,1,3,"0","0","0","Gansu","Friday","1",1,0,"1","yes and agree","never","never","never",5,0,1944,0.62217556485308
1914,"2","2","2",0,4.75359019110636,3.2188758248682,0,"county seat",1,0,5,"1","0","0","Guizhou","Tuesday","1",0,0,"1","yes and agree","heard but do not know","heard but do not know","heard but do not know",10,0,1731,0.467902055622054
1905,"2","2","1",0,4.58496747867057,3.17805383034795,0,"county seat",1,0,4,"0","0","0","Guizhou","Tuesday","1",0,0,"1","yes and agree","heard but do not know","heard but do not know","heard but do not know",15,0,1667,0.490035858521876
3363,"1","1","7",0,2.99573227355399,3.04452243772342,0,"county seat",0,0,4,"0","0","0","Guangxi","Friday","1",1,0,"1","yes but disagree","never","never","never",18,0,1707,0.681694532917722
932,"6","5","4",0,5.63478960316925,3.98898404656427,0,"rural",0,1,4,"0","0","0","Guizhou","Sunday","0",1,0,"0","no","never","never","never",8,0,1320,5.28752536374509
3033,"2","3","2",0,4.68213122712422,4.00733318523247,0,"city",0,1,5,"0","1","0","Guangxi","Wednesday","0",1,0,"1","yes and agree","heard but do not know","never","never",20,0,1067,0.29
3086,"3","3","4",0,4.70048036579242,3.8286413964891,0,"rural",0,1,5,"1","0","0","Guangxi","Wednesday","0",0,0,"0","no","never","never","never",0,0,2364,1.42260003288578
2909,"6","6","6",0,4.78749174278205,3.40119738166216,0,"rural",0,0,5,"0","0","0","Guangxi","Sunday","0",1,0,"0","no","never","never","never",0,0,1444,3.26898808587072
2831,"2","1","1",0,4.43081679884331,3.40119738166216,1,"county seat",1,1,4,"1","0","0","Gansu","Friday","1",1,0,"1","yes and agree","heard but do not know","never","never",12,0,1948,0.373432195785504
2141,"7","7","7",0,5.01063529409626,3.25809653802148,1,"rural",0,0,3,"0","1","0","Guizhou","Thursday","0",0,0,"1","yes and agree","heard but do not know","heard but do not know","never",0,0,2720,0.49871400783346
2385,"7","7","7",0,4.35670882668959,3.66356164612965,1,"county seat",1,1,2,"1","0","0","Gansu","Sunday","1",0,0,"1","yes and agree","heard but do not know","never","never",0,0,3125,0.29
918,"1","7","1",0,4.70048036579242,3.55534806148941,1,"city",0,1,5,"1","0","0","Guizhou","Sunday","0",0,6,"1","yes and agree","heard but do not know","heard but do not know","heard but do not know",3,1,3200,0.29
2988,"5","5","5",0,4.38202663467388,3.25809653802148,0,"city",0,0,1,"0","0","0","Guangxi","Tuesday","1",1,2,"1","no","never","never","never",3,1,879,0.536869282371849
584,"7","7","7",0,3.80666248977032,3.2188758248682,1,"city",1,0,3,"0","0","1","Guizhou","Thursday","0",1,0,"1","yes and agree","heard and know","heard and know","heard and know",10,0,2267,0.467902055622054
2199,"1","1","1",0,4.44265125649032,3.52636052461616,0,"county seat",0,1,4,"0","0","0","Gansu","Thursday","1",1,0,"1","yes and agree","never","never","never",0,0,2118,1.06707173730585
3414,"3","4","4",0,4.77068462446567,3.52636052461616,0,"county seat",0,1,5,"1","0","0","Guangxi","Saturday","0",1,0,"1","yes and agree","heard but do not know","never","never",6,0,1620,1.06707173730585
3369,"2","3","4",0,4.78749174278205,3.43398720448515,0,"county seat",0,1,4,"1","0","0","Guangxi","Friday","0",1,0,"1","yes and agree","heard but do not know","never","never",6,0,2143,1.241974008131
1246,"1","1","1",0,5.01063529409626,4.14313472639153,0,"rural",1,0,2,"0","1","0","Gansu","Thursday","1",1,0,"0","yes but disagree","heard but do not know","never","never",0,0,1200,0.29
2151,"1","1","1",0,5.01063529409626,3.36729582998647,0,"rural",1,1,3,"1","1","0","Guizhou","Thursday","0",0,0,"1","yes and agree","never","never","never",0,0,2821,0.364090486507244
3426,"3","4","4",0,5.4380793089232,3.46573590279973,0,"rural",1,1,6,"1","0","0","Guangxi","Saturday","0",1,5,"0","no","never","never","never",0,1,1296,0.29
2911,"6","6","6",0,4.70048036579242,4.02535169073515,0,"rural",0,1,5,"0","0","0","Guangxi","Sunday","0",1,0,"0","no","never","never","never",0,0,3273,0.859146630944336
1248,"5","7","5",0,4.60517018598809,3.46573590279973,1,"city",0,1,4,"1","0","0","Guizhou","Thursday","0",0,0,"1","yes but disagree","heard and know","heard but do not know","never",14,0,2500,0.407362342670444
1889,"4","4","4",0,4.0943445622221,3.40119738166216,1,"city",0,1,3,"1","0","0","Gansu","Tuesday","1",0,0,"1","yes and agree","heard but do not know","heard but do not know","never",0,0,2310,0.445985331052855
2110,"7","7","4",0,3.76120011569356,3.25809653802148,1,"city",1,1,3,"1","1","0","Guangxi","Thursday","1",0,4,"1","yes and agree","heard and know","heard but do not know","heard but do not know",10,1,2607,0.446925814010253
3241,"6","6","6",0,3.91202300542815,3.55534806148941,0,"city",1,0,5,"0","0","1","Guangxi","Thursday","0",1,0,"1","yes but disagree","heard but do not know","heard but do not know","never",0,0,1600,0.29
2158,"7","7","7",0,5.42053499927229,3.25809653802148,0,"rural",0,1,4,"1","0","0","Guizhou","Thursday","0",1,0,"1","no","never","never","never",20,0,4054,4.03652037294191
2851,"1","2","1",0,4.33073334028633,3.58351893845611,0,"county seat",1,1,3,"0","0","0","Gansu","Friday","1",1,0,"1","yes and agree","heard but do not know","never","never",15,0,1138,0.29
2894,"6","6","6",0,4.78749174278205,3.8286413964891,0,"rural",0,1,5,"0","0","0","Guangxi","Sunday","0",1,0,"0","no","never","never","never",0,0,938,1.42260003288578
1893,"7","5","7",0,4.60517018598809,3.2188758248682,0,"county seat",1,0,4,"0","0","0","Guizhou","Tuesday","1",1,0,"1","yes and agree","heard but do not know","never","never",60,0,2913,0.467902055622054
2911,"6","6","7",1,4.24849524204936,3.98898404656427,0,"city",1,1,4,"1","1","0","Guangxi","Tuesday","0",1,0,"0","yes and agree","heard but do not know","heard but do not know","heard but do not know",0,0,1308,0.843226323450702
1104,"2","2","2",0,3.89182029811063,3.8286413964891,0,"city",1,1,2,"1","0","0","Gansu","Sunday","0",1,0,"1","yes and agree","never","never","never",2,0,1733,1.26003066629997
3161,"6","6","5",0,4.44265125649032,3.68887945411394,0,"city",1,1,3,"1","0","0","Guangxi","Wednesday","0",1,0,"1","yes and agree","heard but do not know","never","never",0,0,1000,0.29
1523,"4","4","4",0,4.33073334028633,3.63758615972639,0,"city",0,1,3,"1","0","0","Gansu","Saturday","0",0,0,"1","no","never","heard and know","never",0,0,2200,2.33450446013243
1195,"2","2","2",0,5.52146091786225,3.17805383034795,0,"rural",0,0,5,"1","0","1","Guizhou","Monday","1",0,0,"1","yes and agree","heard but do not know","heard but do not know","never",20,0,1517,0.547697564568503
3096,"3","3","3",0,4.70048036579242,3.58351893845611,0,"rural",0,0,5,"0","0","0","Guangxi","Wednesday","0",1,0,"0","no","never","never","never",0,0,2475,2.38674340621992
3024,"2","4","4",1,4.60517018598809,3.52636052461616,0,"rural",0,1,4,"1","0","0","Guangxi","Wednesday","0",1,0,"1","yes and agree","heard but do not know","never","never",2,0,4770,2.64985614821784
2613,"2","1","2",1,5.01063529409626,3.52636052461616,0,"rural",1,1,4,"1","0","0","Gansu","Thursday","1",1,0,"1","no","heard but do not know","heard but do not know","never",12,0,818,0.29
3216,"7","7","7",0,4.49980967033027,3.98898404656427,0,"rural",0,1,3,"1","0","0","Guangxi","Thursday","0",1,0,"1","no","never","never","never",0,0,5336,5.28752536374509
2835,"2","3","1",0,4.49980967033027,3.93182563272433,0,"city",0,1,6,"0","0","0","Guangxi","Friday","1",1,2,"1","yes but disagree","heard but do not know","never","never",5,1,3770,6.74226317768113
2402,"4","4","4",0,4.49980967033027,3.78418963391826,0,"county seat",1,1,4,"0","1","0","Gansu","Sunday","1",0,0,"1","no","never","never","never",0,0,1517,7.92896631207727
2820,"5","5","4",0,4.56434819146784,3.17805383034795,1,"city",1,0,4,"0","0","1","Guizhou","Friday","0",0,0,"1","yes and agree","heard but do not know","never","never",25,0,4036,0.490035858521876
2611,"2","2","1",1,5.19295685089021,3.71357206670431,0,"rural",1,1,3,"1","0","0","Gansu","Thursday","1",1,0,"1","yes and agree","heard but do not know","never","never",2,0,446,1.50096668947643
158,"6","6","6",0,5.99146454710798,3.04452243772342,0,"rural",1,0,4,"0","1","0","Guizhou","Saturday","0",0,0,"1","yes but disagree","heard but do not know","never","never",10,0,2600,1.56090593206928
1649,"7","7","7",0,5.16478597392351,3.29583686600433,1,"rural",1,1,3,"1","1","0","Guizhou","Sunday","1",1,0,"1","yes and agree","never","never","never",0,0,1680,0.397805835573785
2962,"6","6","6",0,4.60517018598809,3.87120101090789,0,"city",1,1,2,"0","0","0","Guangxi","Monday","0",1,0,"1","yes and agree","never","never","never",2,0,4821,1.13848773754802
3160,"6","5","5",0,4.60517018598809,3.58351893845611,0,"city",0,0,5,"0","0","0","Guangxi","Wednesday","0",1,0,"1","no","never","never","never",0,0,1350,0.965183909066345
2231,"1","2","1",0,4.56434819146784,3.13549421592915,0,"county seat",0,0,4,"0","0","0","Guizhou","Friday","0",1,0,"1","yes and agree","never","never","never",0,0,1099,0.619061833875582
3280,"7","6","7",0,4.77068462446567,3.61091791264422,1,"city",1,1,5,"0","0","0","Guangxi","Thursday","1",1,3,"1","yes and agree","heard and know","heard but do not know","never",0,1,1120,0.29
2115,"6","6","4",1,5.07517381523383,3.55534806148941,0,"rural",1,1,4,"0","0","0","Gansu","Thursday","1",1,0,"1","yes and agree","heard but do not know","heard but do not know","heard but do not know",1,0,1941,0.771150608337752
1615,"3","3","2",0,4.60517018598809,3.29583686600433,0,"rural",0,1,4,"1","1","1","Guizhou","Sunday","1",0,0,"1","no","never","never","never",14,0,4000,0.476126352076078
1813,"4","4","2",1,4.06044301054642,4.00733318523247,0,"city",1,0,2,"0","0","0","Gansu","Tuesday","1",1,0,"1","yes and agree","heard but do not know","never","never",10,0,519,0.29
2515,"6","4","4",0,4.60517018598809,3.76120011569356,0,"county seat",0,1,2,"1","0","0","Gansu","Tuesday","1",1,0,"1","yes and agree","heard but do not know","never","never",0,0,2167,1.80038632750801
2184,"1","1","1",1,5.13579843705026,3.55534806148941,0,"rural",1,1,4,"0","0","0","Gansu","Thursday","0",1,0,"1","yes and agree","heard but do not know","never","never",1,0,2040,0.771150608337752
164,"7","7","6",0,4.78749174278205,3.3322045101752,0,"rural",1,1,2,"1","0","0","Guizhou","Saturday","0",1,0,"1","yes and agree","heard but do not know","never","never",0,0,1733,1.09265201979412
2910,"6","6","6",0,4.56434819146784,3.93182563272433,0,"rural",1,1,5,"1","0","0","Guangxi","Sunday","0",1,0,"0","yes and agree","never","never","never",0,0,1460,0.904944756488756
2252,"1","1","1",0,4.58496747867057,3.46573590279973,1,"county seat",0,1,4,"1","0","1","Guizhou","Friday","0",0,0,"1","yes but disagree","heard but do not know","heard but do not know","heard but do not know",20,0,1727,0.407362342670444
1830,"7","1","1",1,4.38202663467388,3.68887945411394,0,"city",0,1,5,"0","1","0","Gansu","Tuesday","1",1,4,"1","yes but disagree","never","never","never",12,1,2182,0.29
2821,"7","7","2",0,4.58496747867057,3.2188758248682,1,"city",1,0,5,"1","0","0","Guizhou","Friday","0",1,0,"1","yes but disagree","heard but do not know","heard but do not know","heard but do not know",1,0,2618,0.467902055622054
2111,"2","1","1",1,4.99721227376411,3.66356164612965,0,"rural",1,1,3,"0","0","0","Gansu","Thursday","1",1,0,"1","yes and agree","never","never","never",0,0,1778,0.634968978704538
824,"7","4","7",0,5.7037824746562,3.58351893845611,0,"rural",1,1,3,"1","0","0","Guizhou","Sunday","0",0,0,"0","yes and agree","never","never","never",6,0,4000,0.29
2111,"7","7","7",0,4.70048036579242,3.46573590279973,0,"city",0,1,4,"1","0","0","Guizhou","Thursday","1",0,4,"1","yes and agree","heard but do not know","never","never",10,1,3939,0.407362342670444
2146,"1","1","1",1,5.19295685089021,3.58351893845611,0,"rural",1,1,4,"1","0","0","Gansu","Thursday","1",1,0,"1","yes and agree","never","never","never",8,0,1957,0.734314968914343
110,"7","7","7",1,4.65396035015752,3.89182029811063,1,"city",0,1,4,"1","0","1","Guangxi","Friday","1",0,6,"1","yes and agree","heard and know","heard and know","heard and know",10,1,5288,0.29
2809,"1","1","1",0,5.19295685089021,3.61091791264422,0,"county seat",1,1,3,"0","0","0","Gansu","Friday","1",1,0,"1","yes and agree","never","never","never",7,0,1950,0.29
2824,"7","7","7",0,4.58496747867057,3.25809653802148,1,"city",0,0,4,"0","1","1","Guizhou","Friday","0",0,4,"1","yes and agree","heard and know","heard but do not know","never",20,1,5200,0.536869282371849
1266,"7","7","7",0,4.29045944114839,3.29583686600433,1,"city",1,0,4,"0","0","0","Guizhou","Thursday","0",1,4,"1","yes and agree","heard but do not know","heard but do not know","never",30,1,2585,0.427046595145418
2169,"7","7","7",0,5.23644196282995,3.25809653802148,0,"rural",0,1,3,"0","1","0","Guizhou","Thursday","0",0,0,"1","yes but disagree","never","never","never",5,0,3161,4.03652037294191
1891,"2","2","2",0,4.38202663467388,3.2188758248682,0,"city",0,0,4,"0","1","0","Gansu","Tuesday","1",1,4,"1","yes but disagree","never","never","never",8,1,1182,0.562809000235141
3035,"7","7","7",0,4.76217393479776,3.78418963391826,0,"city",1,1,5,"1","0","0","Guangxi","Wednesday","0",1,3,"1","yes and agree","heard but do not know","heard but do not know","heard and know",5,1,2139,1.39535827887641
1166,"1","6","6",0,4.35670882668959,3.25809653802148,1,"city",1,0,4,"0","0","0","Guizhou","Wednesday","0",1,0,"1","yes and agree","heard but do not know","heard but do not know","never",20,0,1300,0.446925814010253
1831,"4","4","4",0,4.07753744390572,3.58351893845611,0,"city",1,1,2,"1","0","0","Gansu","Tuesday","1",1,0,"1","yes and agree","heard and know","never","never",4,0,1000,2.10856569540875
3068,"6","6","7",1,5.56068163101553,3.55534806148941,1,"rural",0,0,5,"0","0","0","Guangxi","Wednesday","1",1,3,"1","no","heard but do not know","heard but do not know","familiar",0,1,1800,0.29
1185,"4","5","1",0,4.78749174278205,3.89182029811063,0,"rural",1,1,3,"1","0","0","Gansu","Wednesday","1",1,0,"0","no","never","never","never",1,0,1210,5.58929104534069
3016,"6","6","6",0,4.33073334028633,3.8286413964891,0,"city",0,1,4,"0","0","0","Guangxi","Wednesday","0",1,0,"1","yes and agree","heard but do not know","never","never",0,0,1500,0.591828845854288
2982,"7","7","2",1,3.3322045101752,3.43398720448515,0,"city",0,0,4,"0","0","0","Guangxi","Tuesday","1",1,0,"1","no","never","never","never",0,0,1367,0.426155297891374
3011,"1","1","1",1,4.70048036579242,3.76120011569356,0,"county seat",1,1,4,"1","0","0","Guangxi","Wednesday","0",1,1,"1","yes and agree","never","never","never",0,1,1200,1.468673196117
1812,"1","1","1",0,4.38202663467388,3.58351893845611,0,"city",0,1,4,"1","1","0","Gansu","Tuesday","1",1,0,"1","no","never","never","never",16,0,2308,0.965183909066345
2160,"1","1","1",0,5.01063529409626,3.17805383034795,0,"rural",0,0,4,"0","1","0","Guizhou","Thursday","0",1,0,"1","no","never","never","never",0,0,2855,1.63945577281253
3240,"2","2","1",0,4.0943445622221,3.93182563272433,0,"rural",1,1,4,"0","0","0","Guangxi","Thursday","0",1,0,"1","yes and agree","heard but do not know","never","never",0,0,1235,5.02676283366802
1934,"4","5","1",0,4.55387689160054,3.17805383034795,0,"county seat",1,0,4,"0","0","0","Guizhou","Tuesday","1",1,0,"1","yes but disagree","heard but do not know","never","never",6,0,2073,0.490035858521876
2425,"1","1","1",0,4.64439089914137,3.73766961828337,1,"county seat",1,1,4,"1","1","0","Gansu","Sunday","1",0,0,"1","yes and agree","heard and know","never","never",0,0,3627,0.29
2165,"1","1","1",0,4.89783979995091,3.61091791264422,0,"rural",0,1,3,"1","0","0","Guizhou","Thursday","0",0,0,"1","no","heard but do not know","heard but do not know","never",0,0,2857,0.849091987038432
1149,"4","4","4",0,4.49980967033027,3.78418963391826,0,"city",1,1,3,"1","1","1","Gansu","Monday","1",0,0,"1","yes and agree","heard and know","never","never",0,0,4620,0.29
3306,"1","1","1",0,2.99573227355399,3.95124371858143,0,"county seat",1,1,3,"0","0","0","Guangxi","Thursday","1",1,0,"1","no","never","never","never",0,0,1500,5.18262582069788
1929,"2","1","1",0,4.77912349311153,3.13549421592915,1,"county seat",0,0,4,"0","0","0","Guizhou","Tuesday","1",0,0,"1","yes and agree","heard but do not know","heard but do not know","never",0,0,2143,0.619061833875582
3289,"5","5","5",0,4.33073334028633,3.55534806148941,0,"city",0,0,4,"0","0","0","Guangxi","Thursday","0",1,0,"1","no","never","never","never",0,0,2232,2.73102647431892
2969,"3","3","3",1,4.9416424226093,4.07753744390572,0,"county seat",1,1,6,"0","1","0","Guangxi","Tuesday","0",1,1,"1","no","never","never","never",0,1,5179,0.66035484916883
1690,"4","4","4",0,4.21950770517611,3.55534806148941,1,"city",1,1,5,"1","0","1","Gansu","Sunday","0",0,0,"1","yes and agree","heard and know","never","never",0,0,2400,0.29
1883,"2","3","3",0,4.55387689160054,3.2188758248682,1,"county seat",1,0,3,"1","0","1","Guizhou","Tuesday","1",1,0,"1","yes and agree","heard but do not know","never","never",10,0,1711,0.467902055622054
3066,"6","6","6",0,4.35670882668959,3.8286413964891,0,"city",0,0,4,"0","0","0","Guangxi","Wednesday","0",1,0,"1","no","never","never","never",0,0,1740,0.591828845854288
2992,"5","7","6",0,4.60517018598809,4.02535169073515,0,"rural",0,0,6,"0","0","0","Guangxi","Tuesday","1",1,0,"1","no","heard but do not know","heard but do not know","familiar",0,0,1100,4.75573547982892
1598,"2","1","4",0,3.91202300542815,3.71357206670431,0,"city",1,1,2,"1","0","0","Gansu","Saturday","0",0,0,"1","yes and agree","never","never","never",0,0,2045,1.62766381677959
2145,"1","1","1",1,5.13579843705026,3.58351893845611,0,"rural",1,1,4,"1","0","0","Gansu","Thursday","1",1,0,"1","yes and agree","never","never","never",0,0,1964,0.734314968914343
3222,"5","4","5",0,4.0943445622221,3.66356164612965,0,"city",0,1,3,"0","0","0","Guangxi","Thursday","0",1,0,"1","no","never","never","never",0,0,1243,2.21590799964696
1818,"6","5","4",1,4.31748811353631,3.3322045101752,0,"city",1,1,3,"0","0","0","Gansu","Monday","1",1,0,"1","yes and agree","heard but do not know","never","never",6,0,1091,0.408207026552079
3432,"7","1","1",0,4.57471097850338,3.71357206670431,0,"county seat",0,1,3,"1","0","0","Guangxi","Saturday","0",1,0,"1","yes and agree","heard but do not know","never","never",0,0,2080,0.29
1834,"7","7","4",0,5.29831736654804,2.99573227355399,0,"rural",0,0,2,"1","1","0","Guangxi","Tuesday","1",1,0,"0","yes and agree","heard and know","heard and know","never",2,0,1418,2.0164038403666
1919,"2","2","2",0,4.60517018598809,3.13549421592915,0,"county seat",0,0,4,"1","0","0","Guizhou","Tuesday","1",1,0,"1","no","heard but do not know","never","never",0,0,655,0.619061833875582
2833,"1","1","3",0,4.44265125649032,3.46573590279973,0,"county seat",1,1,4,"0","0","0","Gansu","Friday","1",1,0,"1","yes and agree","never","heard but do not know","never",8,0,1963,0.29
2826,"5","5","5",0,4.65396035015752,3.73766961828337,0,"county seat",0,1,6,"1","0","0","Guangxi","Friday","1",1,1,"1","yes and agree","never","never","never",10,1,4440,1.8960524742174
1606,"1","4","7",0,4.24849524204936,3.66356164612965,1,"city",0,0,4,"0","0","0","Guizhou","Saturday","0",1,5,"1","yes and agree","heard but do not know","never","never",30,1,1260,0.29
2331,"4","4","4",0,4.46590811865458,3.80666248977032,1,"county seat",0,1,3,"1","1","1","Gansu","Saturday","0",0,0,"1","yes and agree","heard and know","heard and know","never",0,0,2718,0.29
2954,"4","4","4",0,4.8283137373023,3.95124371858143,0,"rural",0,1,6,"1","1","0","Guangxi","Monday","1",0,0,"1","yes but disagree","heard but do not know","never","never",2,0,4954,1.04906162482667
3311,"5","6","6",0,4.70048036579242,4.02535169073515,0,"city",1,0,4,"0","1","0","Guangxi","Thursday","0",1,0,"1","no","heard but do not know","never","heard but do not know",0,0,1067,0.29
3011,"2","2","2",0,4.33073334028633,3.89182029811063,0,"city",1,1,6,"0","0","0","Guangxi","Wednesday","0",1,0,"1","yes but disagree","heard but do not know","never","never",10,0,893,0.29
1901,"2","2","2",0,4.58496747867057,3.17805383034795,0,"county seat",0,0,4,"0","0","0","Guizhou","Tuesday","1",0,0,"1","yes and agree","heard but do not know","heard but do not know","never",20,0,1486,0.590180185840672
3291,"2","2","2",0,3.80666248977032,3.87120101090789,0,"county seat",1,1,6,"1","0","0","Guangxi","Thursday","1",1,3,"1","no","never","never","never",0,1,3375,1.13848773754802
2233,"1","1","1",0,4.71849887129509,3.09104245335832,0,"county seat",1,0,4,"0","1","0","Guizhou","Friday","0",0,5,"1","yes but disagree","heard but do not know","heard but do not know","never",0,1,1468,0.538035190623942
3043,"6","6","6",1,4.49980967033027,4.02535169073515,0,"city",0,1,5,"0","1","0","Guangxi","Wednesday","0",1,0,"1","yes and agree","never","never","never",0,0,2265,0.373637043351498
1882,"2","2","2",0,4.60517018598809,3.52636052461616,1,"city",0,0,3,"0","1","0","Gansu","Tuesday","1",0,0,"1","no","never","never","never",14,0,1300,0.372673552734844
2984,"1","2","1",0,4.60517018598809,3.43398720448515,0,"city",0,0,4,"0","0","0","Guangxi","Tuesday","1",1,0,"1","yes but disagree","heard but do not know","never","never",25,0,713,0.426155297891374
2116,"2","1","1",1,5.19295685089021,3.73766961828337,0,"rural",1,1,3,"0","0","0","Gansu","Thursday","1",1,0,"1","yes and agree","never","never","never",0,0,1604,1.42596287593831
1563,"4","4","4",0,4.74493212836325,3.25809653802148,0,"county seat",0,0,4,"0","1","0","Guangxi","Saturday","1",0,1,"1","yes and agree","heard and know","heard but do not know","heard but do not know",0,1,3828,0.536869282371849
1900,"3","3","7",0,3.91202300542815,3.55534806148941,0,"city",0,1,3,"1","0","0","Gansu","Tuesday","1",1,0,"1","no","never","never","never",12,0,2667,0.29
3092,"5","7","5",1,4.70048036579242,3.58351893845611,1,"city",1,1,4,"1","1","0","Guangxi","Wednesday","0",0,3,"1","yes and agree","heard but do not know","heard but do not know","never",2,1,4128,0.29
2186,"5","5","4",1,4.49980967033027,3.43398720448515,0,"rural",1,1,4,"1","0","0","Gansu","Thursday","1",1,0,"1","yes and agree","heard but do not know","heard but do not know","heard but do not know",1,0,1768,0.29
2959,"4","4","2",0,4.8283137373023,3.8286413964891,0,"rural",1,1,6,"1","0","0","Guangxi","Monday","0",1,0,"1","yes and agree","heard but do not know","heard but do not know","heard but do not know",0,0,4464,0.29
168,"6","6","6",0,5.99146454710798,3.36729582998647,1,"rural",1,1,5,"1","1","0","Guizhou","Saturday","0",0,0,"1","yes and agree","heard but do not know","heard but do not know","heard but do not know",0,0,3200,0.364090486507244
3305,"7","7","7",1,5.39362754635236,4.02535169073515,0,"rural",1,1,3,"1","0","0","Guangxi","Thursday","0",1,7,"0","yes and agree","heard and know","heard and know","heard and know",0,1,1071,0.707536494715993
1495,"7","7","7",0,4.47733681447821,3.49650756146648,0,"city",0,1,2,"1","0","0","Gansu","Saturday","0",0,0,"1","yes and agree","heard and know","never","never",0,0,3713,3.03318577615052
2936,"1","1","1",0,4.60517018598809,3.3322045101752,0,"county seat",1,1,4,"1","0","0","Guangxi","Monday","0",1,2,"1","yes and agree","heard but do not know","never","never",0,1,3000,0.408207026552079
1535,"7","2","7",0,4.54329478227,3.36729582998647,0,"city",1,1,4,"1","0","0","Guizhou","Saturday","0",1,0,"1","yes and agree","never","never","never",20,0,4000,0.390352736240351
1664,"6","7","2",0,5.7037824746562,3.43398720448515,0,"rural",1,1,3,"1","0","0","Guizhou","Sunday","1",1,0,"1","no","never","never","never",0,0,1013,2.52083913158406
2519,"1","1","1",0,4.65396035015752,4.23410650459726,0,"county seat",0,1,1,"1","1","0","Gansu","Tuesday","1",1,0,"0","no","never","never","never",0,0,2310,5.37427233002338
1100,"7","6","4",0,5.7037824746562,3.36729582998647,0,"rural",0,1,3,"0","0","0","Guizhou","Sunday","1",1,0,"1","yes but disagree","heard but do not know","never","never",0,0,1105,3.44569813808334
2245,"2","2","2",0,4.70048036579242,3.36729582998647,0,"county seat",1,1,4,"1","0","1","Guizhou","Friday","0",0,6,"1","yes but disagree","heard but do not know","heard but do not know","never",0,1,1700,0.390352736240351
3118,"7","7","1",0,4.96284463025991,3.76120011569356,1,"city",1,0,4,"1","0","0","Guangxi","Thursday","1",1,4,"1","no","heard but do not know","heard but do not know","heard but do not know",4,1,3518,0.29
3049,"7","7","7",1,4.60517018598809,3.63758615972639,0,"city",1,1,5,"1","0","0","Guangxi","Wednesday","0",0,2,"1","yes and agree","heard and know","never","never",2,1,2700,0.29
2932,"5","5","5",0,4.38202663467388,4.11087386417331,0,"rural",0,1,5,"0","1","1","Guangxi","Monday","0",1,0,"1","no","never","never","never",2,0,3209,0.672525383451568
3431,"7","1","2",0,4.81218435537242,3.66356164612965,0,"county seat",0,1,4,"1","1","0","Guangxi","Saturday","0",1,0,"1","yes and agree","heard but do not know","never","never",0,0,1200,0.29
1931,"2","3","1",0,4.57471097850338,3.25809653802148,1,"county seat",0,0,4,"0","0","0","Guizhou","Tuesday","1",0,0,"1","yes but disagree","heard but do not know","heard but do not know","heard but do not know",0,0,1800,0.536869282371849
2942,"4","4","4",0,4.78749174278205,3.95124371858143,0,"rural",0,1,5,"0","0","1","Guangxi","Monday","0",1,0,"1","no","never","never","never",2,0,2740,1.04906162482667
3298,"4","4","4",0,3.80666248977032,3.80666248977032,0,"county seat",1,1,6,"1","0","0","Guangxi","Thursday","0",1,0,"1","no","never","never","never",0,0,2527,1.32587761056342
2889,"4","1","1",0,4.52720864451838,3.63758615972639,0,"county seat",0,1,2,"1","0","0","Guangxi","Sunday","1",0,1,"1","no","heard but do not know","heard but do not know","heard but do not know",0,1,2400,0.873674535534688
2852,"1","1","3",0,4.38202663467388,3.63758615972639,0,"county seat",1,1,3,"0","0","0","Gansu","Friday","1",1,1,"1","yes and agree","never","never","never",15,1,1786,0.719284534475195
2834,"7","1","1",0,4.38202663467388,3.66356164612965,0,"city",0,1,4,"1","0","0","Guangxi","Friday","0",1,2,"1","yes but disagree","heard but do not know","heard but do not know","never",14,1,2400,2.21590799964696
2838,"3","1","1",0,4.38202663467388,3.71357206670431,0,"county seat",1,1,3,"1","0","0","Gansu","Friday","1",1,0,"1","yes and agree","heard but do not know","never","never",10,0,1607,0.29
1692,"7","4","7",0,5.7037824746562,3.2188758248682,0,"rural",1,0,4,"0","0","0","Guizhou","Sunday","1",1,0,"1","yes and agree","never","never","never",0,0,1203,0.435344981151462
2861,"1","1","2",0,4.44265125649032,3.43398720448515,1,"county seat",1,1,3,"0","0","0","Gansu","Friday","1",1,0,"1","yes and agree","heard but do not know","heard but do not know","never",14,0,1426,0.357396571614206
3290,"1","1","1",0,2.99573227355399,3.61091791264422,0,"county seat",1,1,3,"1","0","0","Guangxi","Thursday","1",1,3,"1","yes and agree","heard but do not know","never","heard and know",0,1,1588,0.755290728406371
3063,"4","4","4",0,3.68887945411394,3.63758615972639,0,"county seat",1,1,3,"1","0","0","Guangxi","Wednesday","0",1,0,"1","yes and agree","heard but do not know","never","never",20,0,1588,0.719284534475195
2828,"7","7","7",0,4.78749174278205,3.61091791264422,0,"rural",1,1,2,"1","0","0","Gansu","Friday","0",1,0,"1","yes and agree","heard and know","never","never",2,0,1216,1.84472017101767
2010,"4","4","2",0,4.24849524204936,3.49650756146648,0,"city",1,1,5,"0","0","0","Gansu","Wednesday","1",1,0,"1","yes but disagree","heard but do not know","never","never",2,0,2509,0.29
2251,"7","7","7",0,4.74493212836325,3.40119738166216,0,"county seat",1,1,4,"1","0","1","Guizhou","Friday","0",0,0,"1","yes and agree","heard but do not know","heard but do not know","never",0,0,1122,0.373432195785504
1586,"7","7","1",0,4.49980967033027,3.49650756146648,0,"city",1,1,5,"0","0","0","Gansu","Saturday","1",1,0,"1","yes and agree","heard but do not know","heard but do not know","heard but do not know",3,0,625,0.29
2153,"7","7","7",0,5.65248918026865,3.13549421592915,0,"rural",0,0,5,"1","1","0","Guizhou","Thursday","0",0,0,"1","yes but disagree","heard but do not know","never","never",20,0,5357,0.574234834677739
2261,"1","1","1",0,5.04985600724954,3.25809653802148,1,"county seat",1,0,4,"0","1","1","Guizhou","Friday","0",0,0,"1","yes and agree","heard but do not know","heard but do not know","heard but do not know",0,0,1747,0.446925814010253
1656,"7","7","4",0,5.19295685089021,3.13549421592915,1,"rural",1,0,3,"1","0","0","Guizhou","Sunday","0",0,0,"1","yes but disagree","heard but do not know","never","never",0,0,875,0.477141595741477
3269,"3","3","3",0,4.99721227376411,3.80666248977032,0,"rural",1,1,5,"1","0","0","Guangxi","Thursday","0",1,0,"0","no","heard but do not know","never","never",0,0,2000,1.2236770396642
2938,"2","2","2",0,4.38202663467388,3.95124371858143,0,"rural",1,1,5,"1","0","0","Guangxi","Monday","0",1,0,"1","no","never","never","never",2,0,5976,0.29
2845,"5","5","5",0,4.21950770517611,3.95124371858143,0,"county seat",1,1,6,"1","0","0","Guangxi","Friday","1",1,0,"1","no","never","never","never",0,0,3232,0.931282439924059
2288,"2","2","2",0,4.64439089914137,3.80666248977032,1,"county seat",1,1,5,"1","0","0","Gansu","Saturday","0",0,0,"1","yes and agree","heard but do not know","never","heard but do not know",0,0,2718,0.29
1618,"2","7","2",0,5.7037824746562,3.25809653802148,0,"rural",1,1,4,"1","0","0","Guizhou","Sunday","1",0,0,"1","yes and agree","heard but do not know","never","heard but do not know",10,0,1393,0.416071420693412
3313,"7","7","7",0,4.38202663467388,3.80666248977032,0,"city",1,1,4,"1","0","0","Guangxi","Thursday","0",0,0,"1","no","heard but do not know","never","never",2,0,1800,1.32587761056342
2881,"6","6","6",0,5.29831736654804,3.66356164612965,0,"rural",1,1,5,"1","0","0","Guangxi","Sunday","0",1,0,"0","no","never","never","never",0,0,3091,0.634968978704538
3095,"7","1","2",0,3.91202300542815,3.43398720448515,1,"county seat",0,0,4,"0","0","0","Guangxi","Wednesday","1",1,0,"1","yes and agree","heard but do not know","heard but do not know","never",4,0,900,0.426155297891374
3381,"2","4","3",0,4.81218435537242,3.46573590279973,0,"county seat",0,1,5,"1","1","0","Guangxi","Friday","0",1,0,"1","yes and agree","heard but do not know","never","never",4,0,2311,0.407362342670444
1616,"2","2","1",0,4.65396035015752,3.76120011569356,0,"city",1,1,3,"1","0","0","Guangxi","Saturday","1",1,4,"1","yes and agree","heard and know","heard and know","heard and know",0,1,1250,1.468673196117
3412,"2","2","2",0,4.58496747867057,3.58351893845611,0,"county seat",0,1,6,"1","1","0","Guangxi","Saturday","0",1,7,"1","yes and agree","heard but do not know","never","never",10,1,1458,0.29
1398,"1","2","1",0,3.68887945411394,3.52636052461616,1,"city",0,0,6,"1","0","0","Gansu","Friday","1",1,0,"1","no","never","never","never",1,0,769,0.372673552734844
2891,"6","6","6",0,5.29831736654804,3.55534806148941,0,"rural",0,1,5,"1","0","0","Guangxi","Sunday","1",1,0,"0","no","never","never","never",0,0,2000,2.51476731595641
2869,"6","6","6",0,4.60517018598809,3.63758615972639,0,"rural",1,1,5,"1","0","0","Guangxi","Saturday","1",1,0,"0","no","never","never","never",0,0,2460,0.29
2269,"5","7","6",0,4.56434819146784,3.49650756146648,1,"city",0,1,4,"1","1","0","Gansu","Friday","1",0,0,"1","yes and agree","heard and know","heard and know","heard but do not know",15,0,2917,0.389552227928835
2235,"7","7","7",0,4.58496747867057,3.2188758248682,0,"county seat",0,0,5,"0","1","1","Guizhou","Friday","0",0,0,"1","yes but disagree","heard but do not know","heard but do not know","never",0,0,2245,0.562809000235141
1452,"7","7","7",0,4.38202663467388,3.80666248977032,0,"city",1,1,4,"0","0","0","Guizhou","Saturday","0",0,0,"1","yes and agree","heard and know","heard but do not know","never",2,0,1444,0.29
2800,"1","1","1",0,4.48863636973214,3.52636052461616,0,"county seat",0,1,4,"0","0","0","Gansu","Thursday","1",1,0,"1","yes but disagree","never","never","never",0,0,2118,1.06707173730585
812,"7","7","7",0,4.51085950651685,3.55534806148941,0,"city",0,1,5,"1","0","0","Guizhou","Sunday","0",0,0,"1","yes and agree","never","never","never",6,0,1950,2.73102647431892
1318,"4","1","2",0,4.70048036579242,3.58351893845611,1,"city",0,1,5,"1","0","1","Guizhou","Friday","0",0,0,"1","yes and agree","heard and know","heard but do not know","never",10,0,3080,0.29
2801,"7","7","7",0,4.49980967033027,3.8286413964891,0,"county seat",0,1,6,"1","0","0","Guangxi","Friday","1",0,2,"1","yes but disagree","never","never","never",1,1,5000,1.54237402683485
1451,"7","7","7",0,4.29045944114839,3.29583686600433,0,"city",1,1,4,"1","0","0","Guangxi","Saturday","1",0,3,"1","yes and agree","heard and know","heard but do not know","heard but do not know",0,1,1194,0.427046595145418
2114,"7","7","7",0,5.66296048013595,3.8286413964891,0,"rural",0,1,4,"0","1","0","Gansu","Thursday","0",0,0,"1","yes and agree","heard but do not know","never","never",0,0,2057,1.42260003288578
1980,"6","7","6",0,4.49980967033027,3.55534806148941,1,"city",0,1,5,"1","1","0","Guangxi","Wednesday","1",1,0,"1","yes and agree","heard and know","heard and know","heard and know",0,0,3960,0.29
1936,"2","7","7",0,4.59511985013459,3.2188758248682,1,"county seat",0,0,4,"1","1","0","Guizhou","Tuesday","1",0,0,"1","yes and agree","heard but do not know","heard and know","heard but do not know",20,0,1938,0.562809000235141
2113,"4","6","4",0,5.88610403145016,4.02535169073515,0,"rural",0,1,4,"1","0","0","Guizhou","Thursday","0",0,0,"1","no","never","never","never",15,0,5000,0.859146630944336
3008,"6","6","6",1,4.49980967033027,4.14313472639153,1,"city",0,1,5,"0","1","0","Guangxi","Tuesday","0",1,0,"1","no","heard but do not know","never","never",0,0,1980,0.29
3003,"6","6","7",0,4.44265125649032,3.95124371858143,0,"city",1,1,4,"0","0","1","Guangxi","Tuesday","1",1,0,"1","yes and agree","heard and know","heard but do not know","never",5,0,893,0.29
2619,"1","2","3",1,5.04342511691925,3.52636052461616,0,"rural",1,1,3,"1","0","0","Gansu","Thursday","1",1,0,"1","yes and agree","heard but do not know","never","never",6,0,545,0.81001900038697
1496,"7","5","2",0,4.33073334028633,4.06044301054642,0,"city",1,0,5,"0","0","0","Gansu","Saturday","1",1,0,"1","no","heard but do not know","never","never",2,0,1200,0.29
2918,"3","2","2",0,4.78749174278205,3.43398720448515,1,"city",0,0,4,"0","0","0","Guangxi","Tuesday","1",1,4,"1","yes and agree","heard but do not know","never","never",20,1,891,0.426155297891374
1489,"6","6","7",0,4.49980967033027,3.58351893845611,1,"city",1,1,4,"1","0","1","Guizhou","Saturday","0",0,4,"1","yes and agree","heard but do not know","never","never",10,1,3625,0.29
3085,"2","2","2",0,5.07517381523383,3.55534806148941,1,"city",1,1,6,"1","1","0","Guangxi","Wednesday","0",1,3,"1","yes and agree","heard but do not know","never","never",10,1,713,0.29
2965,"4","4","4",1,4.31748811353631,3.68887945411394,0,"county seat",1,1,6,"1","1","0","Guangxi","Monday","0",1,0,"1","no","never","never","never",2,0,3400,1.71379837552918
2910,"7","7","7",0,4.0943445622221,3.73766961828337,0,"city",0,1,3,"1","1","0","Guangxi","Tuesday","0",1,1,"1","yes and agree","heard and know","heard and know","heard but do not know",0,1,2025,1.8960524742174
2231,"2","1","1",0,4.61512051684126,3.17805383034795,1,"county seat",0,0,4,"0","0","0","Guizhou","Friday","0",0,0,"1","yes and agree","heard but do not know","heard but do not know","never",0,0,1750,0.590180185840672
1512,"7","7","7",0,4.8283137373023,3.61091791264422,0,"city",1,1,2,"1","1","0","Guizhou","Saturday","0",1,0,"1","yes but disagree","never","never","never",6,0,5000,0.29
2489,"7","7","7",0,4.81218435537242,3.71357206670431,1,"county seat",0,1,4,"1","0","0","Gansu","Monday","1",0,0,"1","yes and agree","heard and know","never","never",0,0,1517,0.29
2841,"1","1","1",0,4.70048036579242,4.04305126783455,0,"rural",1,1,7,"0","0","0","Gansu","Friday","0",1,0,"1","no","never","never","never",0,0,2839,3.66022611323826
3316,"7","7","1",0,3.87120101090789,3.36729582998647,0,"city",0,0,3,"0","0","0","Guangxi","Thursday","0",1,0,"1","yes and agree","never","never","never",0,0,1200,1.3752537407827
2193,"4","5","2",0,4.38202663467388,3.52636052461616,0,"city",0,1,4,"1","1","0","Guangxi","Thursday","0",1,3,"1","yes and agree","heard and know","never","never",2,1,2804,1.06707173730585
1814,"7","5","1",1,4.24849524204936,3.46573590279973,1,"city",0,1,3,"0","0","0","Gansu","Monday","1",1,2,"1","yes and agree","heard but do not know","never","never",10,1,813,0.407362342670444
3416,"4","3","4",0,5.29831736654804,3.87120101090789,0,"rural",1,1,6,"1","0","0","Guangxi","Saturday","0",1,3,"1","no","heard but do not know","never","never",2,1,1343,0.29
1903,"2","1","2",0,4.49980967033027,3.04452243772342,0,"county seat",0,0,4,"0","1","0","Guizhou","Tuesday","1",1,0,"1","yes but disagree","heard but do not know","never","never",12,0,1254,0.681694532917722
1382,"7","7","2",0,4.0943445622221,3.55534806148941,0,"city",0,0,6,"0","0","0","Gansu","Friday","0",1,0,"1","yes and agree","never","never","never",1,0,1104,0.29
2292,"4","4","4",0,4.56434819146784,4.11087386417331,0,"county seat",1,1,6,"1","1","0","Gansu","Saturday","0",1,0,"1","no","never","never","never",0,0,4111,6.66274211427586
112,"6","6","6",0,5.19295685089021,3.13549421592915,0,"rural",0,1,4,"0","0","0","Guizhou","Saturday","0",0,0,"1","no","heard but do not know","never","never",0,0,3400,0.574234834677739
2119,"3","4","3",1,5.13579843705026,3.55534806148941,0,"rural",1,1,3,"1","0","0","Gansu","Thursday","1",0,0,"0","no","never","heard and know","never",1,0,3000,0.29
2819,"5","5","5",0,4.35670882668959,3.40119738166216,1,"city",1,1,4,"0","0","1","Guizhou","Friday","0",0,3,"1","yes and agree","familiar","never","never",8,1,2443,0.373432195785504
1381,"2","1","1",0,4.00733318523247,3.36729582998647,1,"city",1,0,5,"1","0","0","Guizhou","Friday","0",1,4,"1","yes and agree","heard but do not know","never","never",16,1,2077,0.390352736240351
1911,"4","7","1",0,4.48863636973214,3.13549421592915,1,"county seat",0,0,4,"0","0","0","Guizhou","Tuesday","1",1,0,"1","no","heard but do not know","never","never",20,0,1542,0.619061833875582
3083,"1","1","1",0,3.68887945411394,3.36729582998647,0,"county seat",0,0,3,"0","0","0","Guangxi","Wednesday","0",1,0,"1","yes but disagree","never","never","heard but do not know",14,0,1067,0.46690967267782
1254,"4","3","4",0,4.60517018598809,3.8286413964891,0,"rural",0,1,6,"1","0","1","Gansu","Thursday","1",0,0,"0","yes and agree","heard but do not know","heard but do not know","never",0,0,1800,0.549212399734652
2858,"1","1","1",0,4.38202663467388,3.46573590279973,0,"county seat",1,1,4,"0","0","0","Gansu","Friday","1",1,0,"0","yes and agree","heard but do not know","never","never",14,0,1607,0.29
663,"6","6","6",0,4.46590811865458,3.29583686600433,1,"county seat",1,1,3,"0","1","0","Guizhou","Friday","0",0,0,"0","yes and agree","heard and know","heard and know","heard but do not know",10,0,2046,0.427046595145418
1602,"7","7","7",0,4.38202663467388,3.73766961828337,0,"city",1,1,4,"0","0","0","Guizhou","Saturday","0",1,0,"1","no","never","never","never",23,0,2500,1.54603395300811
1886,"2","2","2",0,4.57471097850338,3.17805383034795,0,"county seat",0,0,4,"0","0","0","Guizhou","Tuesday","1",0,0,"1","no","heard but do not know","heard but do not know","never",20,0,1800,0.590180185840672
2351,"1","1","1",0,4.70048036579242,3.80666248977032,0,"county seat",1,1,3,"1","0","0","Gansu","Saturday","0",1,0,"1","no","heard but do not know","heard but do not know","never",2,0,1520,0.29
3268,"1","1","4",0,4.24849524204936,4.04305126783455,0,"county seat",1,0,5,"0","0","0","Guangxi","Thursday","1",1,2,"1","no","never","never","never",14,1,1786,0.727670759038803
2555,"7","3","3",0,4.38202663467388,3.49650756146648,0,"city",0,1,4,"1","1","0","Guangxi","Tuesday","0",1,0,"1","yes and agree","heard but do not know","heard but do not know","heard but do not know",0,0,1798,0.389552227928835
3295,"4","5","2",0,4.0943445622221,3.36729582998647,0,"county seat",1,1,4,"1","0","0","Guangxi","Thursday","1",0,3,"1","yes and agree","heard and know","never","never",2,1,1772,0.390352736240351
3016,"3","3","5",1,5.01063529409626,3.71357206670431,0,"rural",0,1,5,"1","0","0","Guangxi","Wednesday","0",0,0,"0","no","never","never","never",0,0,3188,9.5
3001,"7","7","7",1,4.04305126783455,3.85014760171006,0,"city",0,0,5,"0","0","0","Guangxi","Tuesday","0",1,0,"1","yes and agree","heard but do not know","heard but do not know","never",0,0,1100,0.29
1898,"7","5","5",0,4.49980967033027,3.17805383034795,0,"county seat",0,0,3,"1","0","0","Guizhou","Tuesday","1",1,0,"1","yes but disagree","never","never","never",35,0,1304,0.590180185840672
1446,"7","7","3",0,4.48863636973214,3.3322045101752,0,"city",1,1,5,"1","0","0","Guizhou","Saturday","0",0,0,"1","yes and agree","never","never","never",10,0,1540,0.408207026552079
2248,"1","1","1",0,4.72738781871234,3.49650756146648,0,"county seat",0,1,4,"1","1","0","Guizhou","Friday","0",0,5,"1","yes but disagree","heard but do not know","heard but do not know","never",0,1,2407,1.12227035902825
2851,"1","1","1",0,4.23410650459726,3.52636052461616,0,"county seat",1,1,4,"0","0","0","Gansu","Friday","1",1,0,"1","yes and agree","heard and know","heard but do not know","never",14,0,1607,0.875675843462376
3229,"4","4","4",0,4.60517018598809,3.98898404656427,0,"rural",1,1,5,"1","0","0","Guangxi","Thursday","0",1,0,"0","no","never","never","never",0,0,2857,0.780203469208694
2812,"2","2","2",0,4.29045944114839,4.02535169073515,0,"city",1,1,2,"1","0","0","Gansu","Friday","0",1,0,"1","no","never","never","never",14,0,1559,4.19349705907806
3069,"2","2","2",0,4.60517018598809,3.61091791264422,0,"rural",1,1,5,"1","0","0","Guangxi","Wednesday","0",1,0,"0","no","never","never","never",0,0,4180,0.699405772516068
3061,"2","2","2",0,4.51085950651685,3.80666248977032,0,"city",1,1,5,"0","1","0","Guangxi","Wednesday","0",1,0,"1","yes and agree","heard but do not know","never","never",20,0,1071,0.29
3022,"2","2","2",0,5.29831736654804,4.00733318523247,0,"rural",0,1,5,"0","0","0","Guangxi","Wednesday","0",1,0,"1","yes and agree","never","never","never",0,0,3491,0.364289093000523
3255,"2","2","3",0,4.38202663467388,3.2188758248682,0,"rural",0,0,5,"0","0","0","Guangxi","Thursday","0",1,0,"0","no","never","never","never",0,0,2491,1.55720920924141
1603,"7","4","4",0,4.49980967033027,3.66356164612965,0,"city",0,1,4,"0","0","0","Guizhou","Saturday","0",1,0,"1","yes and agree","heard but do not know","heard but do not know","never",16,0,2040,0.29
2181,"4","6","1",0,4.0943445622221,3.3322045101752,0,"city",0,1,5,"0","0","0","Guangxi","Thursday","1",0,0,"1","yes and agree","heard and know","heard and know","never",4,0,2824,1.44745920117007
2234,"5","4","5",0,4.58496747867057,2.94443897916644,0,"county seat",0,0,4,"1","0","1","Guizhou","Friday","0",1,0,"1","yes and agree","heard but do not know","heard but do not know","heard and know",0,0,947,2.30572763166636
1545,"2","2","2",0,5.7037824746562,3.2188758248682,1,"rural",1,0,4,"0","1","0","Guizhou","Saturday","0",0,0,"1","yes but disagree","heard and know","heard but do not know","never",2,0,1625,0.435344981151462
1105,"7","5","6",0,5.7037824746562,3.17805383034795,1,"rural",1,0,2,"1","1","1","Guizhou","Sunday","1",1,0,"1","yes and agree","heard but do not know","never","never",0,0,1041,0.455682141461262
2953,"4","4","4",0,4.70048036579242,3.80666248977032,0,"rural",0,1,5,"0","1","0","Guangxi","Monday","0",1,0,"1","yes and agree","never","never","never",2,0,2698,1.49741826995089
2884,"5","4","4",0,4.57471097850338,3.61091791264422,0,"county seat",1,1,3,"1","0","0","Guangxi","Sunday","0",0,3,"1","yes and agree","heard and know","heard but do not know","heard but do not know",2,1,4800,0.755290728406371
2219,"2","2","2",0,4.60517018598809,4.24849524204936,0,"county seat",0,1,1,"1","1","0","Gansu","Friday","1",1,0,"1","yes and agree","never","never","never",0,0,4620,2.47251487230549
3244,"4","4","4",0,5.29831736654804,3.66356164612965,0,"rural",0,1,5,"1","0","0","Guangxi","Thursday","0",1,0,"0","no","never","never","never",0,0,2364,2.04146198088326
3251,"5","5","4",0,4.44265125649032,3.66356164612965,0,"county seat",1,1,4,"1","0","0","Guangxi","Thursday","0",0,1,"1","yes and agree","heard and know","heard but do not know","heard but do not know",1,1,1773,0.29
2229,"7","7","7",0,4.49980967033027,3.13549421592915,0,"county seat",1,0,3,"1","1","0","Guizhou","Friday","0",1,0,"1","yes and agree","heard but do not know","heard but do not know","never",15,0,1839,0.513391102033781
806,"7","7","7",0,4.38202663467388,3.29583686600433,1,"city",0,0,5,"1","1","0","Guizhou","Sunday","0",0,0,"1","yes and agree","never","heard and know","heard and know",10,0,2229,0.51228616885516
2940,"2","2","1",0,4.70048036579242,3.49650756146648,1,"county seat",1,1,5,"1","0","0","Guangxi","Monday","1",1,0,"1","yes and agree","heard and know","heard and know","heard but do not know",0,0,3918,0.29
2111,"2","2","2",0,5.07517381523383,3.13549421592915,0,"rural",0,0,4,"0","0","0","Guizhou","Thursday","0",1,0,"1","no","never","never","never",0,0,2851,0.574234834677739
1880,"6","6","3",0,4.49980967033027,3.13549421592915,0,"county seat",0,0,2,"0","0","0","Guizhou","Tuesday","1",1,0,"1","yes and agree","never","never","never",30,0,924,0.619061833875582
1491,"7","7","7",0,4.49980967033027,3.36729582998647,1,"city",1,1,4,"0","0","0","Guizhou","Saturday","0",0,0,"1","yes and agree","never","never","never",0,0,1320,0.390352736240351
2262,"1","1","1",0,4.74493212836325,3.52636052461616,0,"county seat",0,1,4,"1","0","0","Guizhou","Friday","0",1,0,"1","yes and agree","heard but do not know","heard but do not know","never",16,0,2000,0.372673552734844
2184,"3","1","1",0,5.19295685089021,3.73766961828337,0,"rural",1,1,4,"1","0","0","Gansu","Thursday","1",1,0,"1","no","never","never","never",2,0,3125,1.42596287593831
